/*
SQLyog Ultimate v12.08 (64 bit)
MySQL - 5.5.28 : Database - scholarprofile
*********************************************************************
*/

/*!40101 SET NAMES utf8 */;

/*!40101 SET SQL_MODE=''*/;

/*!40014 SET @OLD_UNIQUE_CHECKS=@@UNIQUE_CHECKS, UNIQUE_CHECKS=0 */;
/*!40014 SET @OLD_FOREIGN_KEY_CHECKS=@@FOREIGN_KEY_CHECKS, FOREIGN_KEY_CHECKS=0 */;
/*!40101 SET @OLD_SQL_MODE=@@SQL_MODE, SQL_MODE='NO_AUTO_VALUE_ON_ZERO' */;
/*!40111 SET @OLD_SQL_NOTES=@@SQL_NOTES, SQL_NOTES=0 */;
CREATE DATABASE /*!32312 IF NOT EXISTS*/`scholarprofile` /*!40100 DEFAULT CHARACTER SET utf8 */;

USE `scholarprofile`;

/*Table structure for table `field_scholar` */

DROP TABLE IF EXISTS `field_scholar`;

CREATE TABLE `field_scholar` (
  `scholar_id` int(11) NOT NULL,
  `field_id` int(11) NOT NULL,
  PRIMARY KEY (`scholar_id`,`field_id`),
  KEY `FKE6DCB4A1B43920A4` (`scholar_id`),
  KEY `FKE6DCB4A1D9F81AA4` (`field_id`),
  CONSTRAINT `FKE6DCB4A1B43920A4` FOREIGN KEY (`scholar_id`) REFERENCES `t_scholar` (`id`) ON DELETE NO ACTION ON UPDATE NO ACTION,
  CONSTRAINT `FKE6DCB4A1D9F81AA4` FOREIGN KEY (`field_id`) REFERENCES `t_field` (`id`) ON DELETE NO ACTION ON UPDATE NO ACTION
) ENGINE=InnoDB DEFAULT CHARSET=utf8;

/*Data for the table `field_scholar` */

insert  into `field_scholar`(`scholar_id`,`field_id`) values (1,1),(2,1),(3,2),(4,3),(5,3),(6,3),(7,4),(8,5),(9,6),(9,7),(10,3),(11,8),(11,9),(12,5),(13,4),(14,10),(15,6),(16,11),(17,12),(18,11),(19,10),(20,12),(21,7),(22,13),(23,6),(23,7),(24,13),(25,6),(26,11),(27,6),(28,11),(29,13),(30,6),(30,7),(31,1),(32,6),(33,8),(34,13),(35,6),(36,6),(36,13),(37,13),(38,14),(39,11),(40,6),(40,11),(41,6),(41,12),(42,3),(43,10),(44,10),(45,15),(46,3),(47,7),(47,16),(48,3),(49,1),(50,3),(51,5),(52,12),(53,12),(54,3),(55,7),(56,10),(57,14),(58,3),(59,5),(60,14),(61,6),(62,14),(63,3),(64,1),(64,9),(65,5),(66,13),(67,13),(68,11),(69,13),(70,14),(71,9),(71,14),(72,8),(72,17),(73,8),(74,11),(75,6),(76,9),(76,17),(77,11),(78,14),(79,6),(80,11),(81,9),(82,13),(83,6),(84,11),(84,18),(85,1),(86,13),(87,7),(88,19),(89,13),(90,14),(91,20),(92,7),(93,21),(94,8),(94,17),(95,5),(95,14),(95,17),(95,18),(96,12),(97,4),(98,3),(99,21),(100,11),(101,5),(102,8),(103,8),(103,9),(104,8),(105,4),(106,8),(107,7),(108,8),(109,9),(110,16),(111,4),(112,22),(113,23),(114,7),(115,23),(116,5),(117,7),(118,7),(119,9),(120,4),(121,11),(122,7),(123,16),(124,7),(125,6),(126,7),(127,16),(128,6),(128,7),(129,7),(130,23),(131,7),(132,15),(133,8),(133,9),(134,6),(134,7),(135,3),(136,4),(136,15),(137,8),(138,17),(138,18),(139,8),(140,15),(141,8),(142,5),(143,3),(144,15),(145,3),(146,6),(147,3),(148,6),(149,12),(150,15),(151,7),(152,7),(152,16),(153,7),(153,12),(154,6),(155,12),(156,16),(157,7),(158,16),(158,19),(159,3),(160,24),(161,3),(162,7),(163,10),(163,23),(164,6),(164,7),(165,7),(166,7),(167,16),(168,19),(169,6),(169,7),(170,7),(171,7),(171,23),(172,6),(172,9),(172,11),(172,13),(173,18),(174,11),(175,9),(176,11),(177,11),(178,13),(179,1),(180,9),(181,14),(182,4),(183,18),(184,18),(185,14),(186,16),(187,11),(188,6),(189,8),(190,5),(190,17),(190,18),(191,13),(192,6),(193,13),(194,7),(195,13),(196,16),(196,19),(197,6),(198,7),(199,13),(200,7),(201,13),(202,5),(203,11),(204,11),(205,14),(206,6),(206,13),(207,3),(208,4),(208,5),(209,6),(210,9),(210,17),(211,17),(211,18),(212,6),(213,9),(214,11),(215,9),(216,6),(216,15),(217,3),(218,8),(218,17),(219,10),(220,11),(221,3),(222,3),(223,6),(224,11),(225,25),(226,9),(226,17),(227,6),(228,8),(228,9),(229,13),(230,6),(231,13),(232,13),(233,10),(234,10),(235,3),(236,3),(237,12),(238,3),(239,3),(240,3),(241,12),(242,3),(243,13),(244,13),(245,13),(246,5),(247,13),(248,6),(249,13),(250,13),(251,6),(251,12),(252,13),(253,3),(254,10),(255,6),(256,10),(257,3),(258,25),(259,26),(260,3),(261,10),(262,3),(263,3),(264,6),(265,6),(266,11),(267,11),(268,9),(269,6),(270,9),(271,6),(272,9),(273,9),(274,8),(275,9),(276,13),(277,8),(278,6),(279,11),(280,1),(281,7),(282,13),(283,8),(284,26),(285,14),(286,11),(287,6),(288,14),(289,14),(290,11),(291,18),(292,18),(293,21),(294,1),(295,11),(296,11),(297,11),(298,11),(299,11),(300,11),(301,8),(302,1),(303,11),(304,3),(305,14),(306,10),(307,13),(308,7),(309,11),(310,5),(311,11),(312,7),(313,11),(314,3),(315,16),(316,11),(317,7),(317,16),(318,13),(319,11),(320,7),(321,7),(322,7),(323,11),(324,13),(325,11),(326,11),(327,11),(328,14),(329,8),(329,9),(330,13),(331,13),(332,11),(333,11),(334,11),(335,13),(336,6),(337,6),(337,15),(338,6),(339,14),(340,15),(341,11),(342,8),(343,1),(344,6),(345,11),(346,6),(347,12),(348,6),(349,7),(350,11),(351,8),(352,13),(353,10),(353,23),(354,6),(354,7),(355,7),(356,7),(357,7),(358,7),(359,13),(360,6),(361,13),(362,6),(363,13),(364,6),(365,11),(366,26),(367,17),(367,18),(368,11),(369,11),(370,1),(371,3),(372,11),(373,4),(373,12),(374,11),(375,26),(376,21),(377,7),(378,15),(379,6),(380,9),(381,11),(382,8),(383,7),(384,7),(385,26),(386,17),(387,21),(388,7),(389,15),(390,7),(391,12),(392,16),(393,21),(394,7),(395,6),(396,3),(396,12),(397,6),(398,11),(399,21),(400,6),(400,7),(401,5),(401,18),(402,10),(403,11),(404,17),(405,1),(406,11),(407,11),(408,15),(409,11),(410,12),(411,5),(411,9),(411,18),(412,3),(412,26),(413,3),(414,5),(414,18),(415,5),(415,18),(416,5),(416,18),(417,18),(418,1),(419,16),(420,8),(421,5),(421,8),(422,5),(422,18),(423,5),(423,17),(424,21),(425,13),(426,18),(427,8),(428,5),(429,21),(430,5),(431,3),(431,26),(432,5),(432,17),(432,18),(433,3),(434,17),(434,18),(435,3),(435,26),(436,3),(437,9),(438,5),(438,17),(439,18),(440,5),(441,17),(441,18),(442,1),(442,9),(443,27),(444,3),(444,26),(445,5),(445,17),(446,5),(446,18),(447,7),(448,6),(449,18),(450,8),(450,9),(450,17),(451,7),(452,7),(453,7),(454,11),(455,5),(456,7),(457,12),(458,7),(459,7),(460,7),(460,16),(461,17),(462,8),(462,17),(462,18),(463,6),(464,9),(465,11),(466,9),(467,5),(467,18),(468,3),(469,5),(470,5),(470,17),(470,18),(471,14),(472,17),(472,18),(473,5),(473,14),(474,3),(475,3),(475,26),(476,5),(476,18),(477,3),(478,3),(478,26),(479,4),(480,5),(481,18),(482,5),(483,15),(484,6),(485,3),(485,18),(486,3),(486,23),(487,11),(488,7),(489,7),(490,12),(491,5),(491,9),(491,17),(491,18),(492,1),(493,9),(494,17),(495,3),(495,26),(496,15),(497,5),(497,18),(498,6),(499,13),(500,3),(500,23),(501,15),(502,13),(503,15),(504,9),(505,11),(506,12),(507,7),(508,7),(509,9),(510,7),(511,5),(512,13),(513,4),(514,13),(515,5),(515,9),(515,17),(516,11),(517,3),(518,9),(519,8),(519,17),(519,18),(520,11),(521,5),(522,6),(523,3),(524,11),(525,4),(526,6),(527,18),(528,3),(529,5),(529,17),(529,18),(530,3),(530,26),(531,5),(531,9),(531,13),(531,17),(531,18),(532,14),(533,6),(534,7),(535,11),(536,7),(537,26),(538,7),(539,8),(540,7),(541,5),(541,18),(542,5),(543,5),(544,3),(545,13),(546,3),(547,9),(548,6),(549,11),(550,6),(551,5),(552,7),(553,11),(554,7),(554,16),(555,10),(556,4),(557,21),(558,10),(559,21),(560,7),(561,6),(561,7),(562,12),(563,3),(564,21),(565,3),(566,11),(567,3),(568,20),(569,3),(570,11),(571,11),(572,6),(572,13),(573,11),(574,21),(575,4),(575,15),(575,21),(576,6),(576,11),(577,3),(578,26),(579,3),(580,11),(581,5),(582,28),(583,7),(584,7),(585,7),(586,7),(587,12),(588,7),(589,4),(590,23),(591,7),(592,7),(593,5),(594,4),(595,3),(595,5),(596,3),(597,8),(598,3),(599,5),(599,18),(600,5),(600,9),(600,17),(600,18),(601,3),(601,23),(602,8),(603,29),(604,10),(605,5),(605,18),(606,18),(607,3),(608,25),(609,11),(610,10),(611,3),(612,3),(612,23),(613,7),(614,23),(615,7),(615,16),(616,12),(617,4),(618,7),(619,23),(620,5),(620,17),(620,18),(621,7),(622,7),(623,4),(623,6),(624,8),(624,17),(625,3),(625,23),(625,26),(626,3),(627,5),(628,5),(628,18),(629,3),(630,9),(630,17),(631,5),(631,18),(632,5),(632,9),(632,17),(633,10),(634,17),(634,18),(635,3),(636,3),(636,5),(637,3),(638,3),(639,10),(640,3),(641,6),(641,7),(642,4),(643,3),(644,3),(644,23),(645,7),(646,7),(647,3),(647,23),(648,3),(648,23),(649,12),(650,7),(651,6),(651,12),(652,17),(652,18),(653,3),(654,3),(655,11),(656,12),(656,26),(657,8),(658,3),(659,1),(659,9),(659,13),(660,3),(661,8),(662,17),(663,3),(663,23),(664,14),(665,3),(665,26),(666,3),(667,5),(668,5),(668,17),(669,3),(669,23),(670,18),(671,23),(672,10),(673,12),(674,7),(675,7),(676,7),(677,7),(678,23),(679,7),(679,16),(680,3),(681,3),(682,10),(683,7),(684,11),(685,16),(685,19),(686,4),(687,16),(688,8),(689,5),(689,18),(690,4),(690,7),(691,3),(692,3),(693,3),(694,3),(695,3),(696,4),(697,3),(698,6),(698,7),(699,3),(700,3),(701,3),(702,3),(703,5),(704,19),(705,7),(706,8),(706,17),(707,30),(708,5),(709,6),(710,7),(710,8),(711,31),(712,3),(713,3),(714,3),(715,3),(716,3),(717,4),(718,3),(719,3),(720,3),(721,3),(722,3),(723,16),(723,19),(724,8),(725,21),(726,6),(726,7),(727,3),(728,7),(729,32),(730,8),(730,17),(731,3),(732,3),(733,3),(734,3),(735,3),(736,3),(737,8),(737,9),(738,3),(739,7),(739,16),(740,3),(741,3),(742,6),(743,5),(743,7),(744,8),(744,17),(745,7),(745,8),(746,7),(746,16),(747,6),(748,7),(749,25),(750,16),(750,19),(751,3),(751,5),(752,5),(752,18),(753,18),(754,7),(755,18),(756,18),(757,3),(758,5),(758,17),(759,18),(760,7),(761,17),(762,3),(762,6),(762,11),(763,5),(764,1),(765,11),(766,11),(767,11),(768,11),(769,21),(770,11),(771,12),(772,21),(773,5),(773,9),(774,7),(774,19),(775,33),(776,7),(777,7),(778,6),(778,7),(779,7),(780,7),(781,7),(782,7),(783,7),(784,7),(784,23),(785,34),(786,7),(786,19),(787,5),(788,5),(789,16),(790,6),(791,16),(792,13),(793,35),(794,21),(795,21),(796,9),(797,36),(798,9),(799,3),(799,23),(800,13),(801,15),(802,13),(803,25),(804,21),(805,15),(806,9),(807,9),(808,34),(809,21),(810,17),(811,21),(812,1),(812,15),(813,1),(814,4),(814,15),(815,11),(816,14),(817,21),(818,9),(819,21),(820,14),(821,7),(822,37),(823,21),(824,7),(825,1),(826,35),(827,9),(828,38),(829,11),(830,1),(831,3),(832,21),(833,1),(834,6),(835,9),(836,14),(837,21),(838,15),(839,1),(839,9),(840,6),(841,21),(842,11),(842,12),(843,1),(844,14),(845,1),(846,14),(847,21),(848,11),(849,22),(850,5),(850,9),(851,14),(852,11),(853,21),(854,11),(855,14),(856,11),(857,14),(857,26),(858,11),(859,5),(860,11),(861,11),(862,15),(863,11),(864,11),(865,9),(866,13),(867,12),(868,15),(869,19),(870,4),(871,4),(871,19),(872,4),(873,4),(874,4),(874,19),(875,4),(875,19),(876,4),(876,19),(877,19),(878,4),(878,19),(879,4),(879,19),(880,4),(880,19),(881,8),(882,4),(882,19),(883,4),(884,19),(885,19),(886,4),(887,19),(888,4),(888,19),(889,26),(890,4),(891,1),(892,9),(893,21),(894,11),(895,15),(896,11),(897,21),(898,21),(899,1),(899,9),(900,1),(901,9),(902,21),(903,6),(904,18),(905,21),(906,9),(907,1),(907,11),(908,1),(909,21),(910,15),(910,17),(911,21),(912,1),(912,15),(913,11),(914,6),(914,12),(915,14),(916,11),(917,11),(918,13),(919,14),(920,11),(921,15),(922,7),(923,9),(923,14),(924,7),(925,11),(926,7),(927,16),(928,15),(929,13),(930,6),(931,16),(932,15),(933,16),(934,4),(935,6),(935,12),(936,15),(937,4),(938,10),(938,23),(939,12),(940,6),(940,7),(941,3),(942,15),(943,11),(944,7),(945,18),(946,7),(947,23),(948,7),(949,12),(950,7),(951,8),(951,9),(951,17),(952,7),(953,6),(954,9),(955,12),(956,15),(957,4),(957,15),(958,15),(959,9),(960,6),(961,11),(962,6),(962,13),(963,6),(964,7),(965,11),(965,12),(966,22),(967,11),(968,20),(969,5),(970,9),(971,11),(972,4),(973,11),(974,4),(975,4),(976,4),(976,19),(977,19),(978,4),(979,4),(980,19),(981,4),(981,19),(982,19),(983,4),(983,19),(984,5),(984,17),(985,4),(986,21),(987,6),(988,4),(988,15),(989,6),(990,6),(990,9),(991,3),(991,23),(992,3),(992,23),(993,15),(994,7),(995,9),(995,17),(996,7),(997,7),(998,7),(999,13),(1000,7),(1001,1),(1001,15),(1002,9),(1003,14),(1004,23),(1005,4),(1006,4),(1006,19),(1007,15),(1008,15),(1009,11),(1010,15),(1011,5),(1012,11),(1013,5),(1014,21),(1015,11),(1016,11),(1017,11),(1018,11),(1019,17),(1020,6),(1021,15),(1022,15),(1023,6),(1024,4),(1025,15),(1026,11),(1027,15),(1028,3),(1029,6),(1030,11),(1031,14),(1032,15),(1033,9),(1034,11),(1035,5),(1035,17),(1035,18),(1036,15),(1037,6),(1038,6),(1039,11),(1040,12),(1041,8),(1041,18),(1042,5),(1042,18),(1043,8),(1044,18),(1045,14),(1046,5),(1047,3),(1048,9),(1049,5),(1050,7),(1051,8),(1051,9),(1051,17),(1052,4),(1053,18),(1054,9),(1055,11),(1056,11),(1057,5),(1058,11),(1059,14),(1060,18),(1061,11),(1062,5),(1063,5),(1064,14),(1065,15),(1066,15),(1067,13),(1068,9),(1069,21),(1070,6),(1071,9),(1071,17),(1072,11),(1073,11),(1074,6),(1075,14),(1076,11),(1077,5),(1077,18),(1078,11),(1079,11),(1080,5),(1080,17),(1081,11),(1082,11),(1083,14),(1084,3),(1085,12),(1086,3),(1087,8),(1087,14),(1088,3),(1089,3),(1090,4),(1091,3),(1091,12),(1092,4),(1093,6),(1094,3),(1095,6),(1096,3),(1097,9);

/*Table structure for table `t_field` */

DROP TABLE IF EXISTS `t_field`;

CREATE TABLE `t_field` (
  `id` int(11) NOT NULL AUTO_INCREMENT,
  `name` varchar(255) DEFAULT NULL,
  `parentId` int(11) NOT NULL,
  `keyword` varchar(255) DEFAULT NULL,
  PRIMARY KEY (`id`)
) ENGINE=InnoDB AUTO_INCREMENT=39 DEFAULT CHARSET=utf8;

/*Data for the table `t_field` */

insert  into `t_field`(`id`,`name`,`parentId`,`keyword`) values (1,'数据库',1,NULL),(2,'机械制造及其自动化',1,NULL),(3,'控制',1,NULL),(4,'集成电路',1,NULL),(5,'计算机视觉',1,NULL),(6,'网络',1,NULL),(7,'通信',1,NULL),(8,'语音语言',1,NULL),(9,'数据挖掘',1,NULL),(10,'测控',1,NULL),(11,'软件工程',1,NULL),(12,'嵌入式',1,NULL),(13,'信息安全',1,NULL),(14,'人机交互',1,NULL),(15,'高性能计算',1,NULL),(16,'光电子',1,NULL),(17,'机器学习',1,NULL),(18,'模式识别',1,NULL),(19,'半导体',1,NULL),(20,'教育学',1,NULL),(21,'算法理论',1,NULL),(22,'计算机网络',1,NULL),(23,'交通',1,NULL),(24,'通信与信息系统',1,NULL),(25,'系统工程',1,NULL),(26,'机器人',1,NULL),(27,'生物科学与工程',1,NULL),(28,'嵌入式专业主任',1,NULL),(29,'信息检索',1,NULL),(30,'系统科学',1,NULL),(31,'课程与教学论',1,NULL),(32,'电路与系统',1,NULL),(33,'声学',1,NULL),(34,'测试计量技术及仪器',1,NULL),(35,'科学计算',1,NULL),(36,'分布式与并行计算',1,NULL),(37,'智能控制',1,NULL),(38,'嵌入式系统',1,NULL);

/*Table structure for table `t_focus` */

DROP TABLE IF EXISTS `t_focus`;

CREATE TABLE `t_focus` (
  `id` int(11) NOT NULL AUTO_INCREMENT,
  `scholarId` int(11) NOT NULL,
  `follow` tinyint(1) NOT NULL,
  `userInfoId` int(11) NOT NULL,
  `focusTime` datetime DEFAULT NULL,
  `userId` int(11) DEFAULT NULL,
  PRIMARY KEY (`id`),
  KEY `FKA040914D1B8B4DD5` (`focusTime`)
) ENGINE=InnoDB AUTO_INCREMENT=3 DEFAULT CHARSET=utf8;

/*Data for the table `t_focus` */

insert  into `t_focus`(`id`,`scholarId`,`follow`,`userInfoId`,`focusTime`,`userId`) values (1,6,1,14,'0000-00-00 00:00:00',NULL),(2,5,1,14,'0000-00-00 00:00:00',NULL);

/*Table structure for table `t_focusproject` */

DROP TABLE IF EXISTS `t_focusproject`;

CREATE TABLE `t_focusproject` (
  `id` int(11) NOT NULL AUTO_INCREMENT,
  `focusTime` datetime DEFAULT NULL,
  `follow` tinyint(1) NOT NULL,
  `projectId` int(11) NOT NULL,
  `userInfoId` int(11) NOT NULL,
  PRIMARY KEY (`id`)
) ENGINE=MyISAM DEFAULT CHARSET=utf8;

/*Data for the table `t_focusproject` */

/*Table structure for table `t_heat` */

DROP TABLE IF EXISTS `t_heat`;

CREATE TABLE `t_heat` (
  `id` int(11) NOT NULL AUTO_INCREMENT,
  `fieldId` int(11) NOT NULL,
  `hot` float NOT NULL,
  `userInfoId` int(11) NOT NULL,
  PRIMARY KEY (`id`)
) ENGINE=InnoDB AUTO_INCREMENT=7 DEFAULT CHARSET=utf8;

/*Data for the table `t_heat` */

insert  into `t_heat`(`id`,`fieldId`,`hot`,`userInfoId`) values (1,1,60.5,60),(2,2,6.9,60),(3,3,60,60),(4,4,61,60),(5,6,6,60),(6,5,30.5,60);

/*Table structure for table `t_interest` */

DROP TABLE IF EXISTS `t_interest`;

CREATE TABLE `t_interest` (
  `id` int(11) NOT NULL AUTO_INCREMENT,
  `fields` varchar(255) DEFAULT NULL,
  `scholarName` varchar(255) DEFAULT NULL,
  PRIMARY KEY (`id`)
) ENGINE=InnoDB AUTO_INCREMENT=7 DEFAULT CHARSET=utf8;

/*Data for the table `t_interest` */

insert  into `t_interest`(`id`,`fields`,`scholarName`) values (1,'服务计算','李春英'),(2,'协同软件，移动互联网应用','方家轩'),(3,'大数据挖掘','曾伟铨'),(4,'商业智能','陈成'),(5,'社交网络','林雪琴'),(6,'web服务','唐华');

/*Table structure for table `t_project` */

DROP TABLE IF EXISTS `t_project`;

CREATE TABLE `t_project` (
  `id` int(11) NOT NULL AUTO_INCREMENT,
  `developmentCycle` varchar(255) DEFAULT NULL,
  `projectType` varchar(255) DEFAULT NULL,
  `releaseDate` date DEFAULT NULL,
  `stage` varchar(50) NOT NULL,
  `status` int(11) NOT NULL,
  `title` varchar(255) DEFAULT NULL,
  `fieldId` int(11) DEFAULT NULL,
  `userinfoId` int(11) DEFAULT NULL,
  `tagsName` varchar(255) DEFAULT NULL,
  `tagsinfo` varchar(1000) DEFAULT NULL,
  `upLoadDataSetFieldDis` varchar(1000) DEFAULT NULL,
  `upLoadDataSetFileDis` varchar(1000) DEFAULT NULL,
  `budget` double NOT NULL,
  `auctionNumber` int(11) NOT NULL,
  `step` int(11) NOT NULL,
  PRIMARY KEY (`id`),
  KEY `FKA9223E4EDE01FBB9` (`fieldId`),
  KEY `FKA9223E4ED176C183` (`userinfoId`),
  CONSTRAINT `FKA9223E4ED176C183` FOREIGN KEY (`userinfoId`) REFERENCES `t_userinfo` (`id`) ON DELETE NO ACTION ON UPDATE NO ACTION,
  CONSTRAINT `FKA9223E4EDE01FBB9` FOREIGN KEY (`fieldId`) REFERENCES `t_field` (`id`) ON DELETE NO ACTION ON UPDATE NO ACTION
) ENGINE=InnoDB AUTO_INCREMENT=171 DEFAULT CHARSET=utf8;

/*Data for the table `t_project` */

insert  into `t_project`(`id`,`developmentCycle`,`projectType`,`releaseDate`,`stage`,`status`,`title`,`fieldId`,`userinfoId`,`tagsName`,`tagsinfo`,`upLoadDataSetFieldDis`,`upLoadDataSetFileDis`,`budget`,`auctionNumber`,`step`) values (1,NULL,'培训讲座',NULL,'0',0,NULL,NULL,1,NULL,NULL,NULL,NULL,0,0,0),(2,NULL,'应用软件',NULL,'0',0,NULL,NULL,1,NULL,NULL,NULL,NULL,0,0,0),(3,NULL,'培训讲座',NULL,'0',0,NULL,NULL,1,NULL,NULL,NULL,NULL,0,0,0),(4,NULL,'应用软件',NULL,'0',0,NULL,NULL,1,NULL,NULL,NULL,NULL,0,0,0),(5,NULL,'算法研究',NULL,'0',0,NULL,NULL,1,NULL,NULL,NULL,NULL,0,0,0),(6,NULL,'算法研究',NULL,'0',0,NULL,NULL,1,NULL,NULL,NULL,NULL,0,0,0),(7,NULL,'培训讲座',NULL,'0',0,NULL,NULL,1,NULL,NULL,NULL,NULL,0,0,0),(8,NULL,'培训讲座',NULL,'0',0,NULL,NULL,1,NULL,NULL,NULL,NULL,0,0,0),(9,NULL,'培训讲座',NULL,'0',0,NULL,NULL,1,NULL,NULL,NULL,NULL,0,0,0),(10,NULL,'应用软件',NULL,'0',0,NULL,NULL,1,NULL,NULL,NULL,NULL,0,0,0),(11,NULL,'应用软件',NULL,'0',0,NULL,NULL,1,NULL,NULL,NULL,NULL,0,0,0),(12,NULL,'培训讲座',NULL,'0',0,NULL,NULL,1,NULL,NULL,NULL,NULL,0,0,0),(13,NULL,'应用软件',NULL,'0',0,NULL,NULL,1,NULL,NULL,NULL,NULL,0,0,0),(14,NULL,'应用软件',NULL,'0',0,NULL,NULL,1,NULL,NULL,NULL,NULL,0,0,0),(15,NULL,'算法研究',NULL,'0',0,NULL,NULL,1,NULL,NULL,NULL,NULL,0,0,0),(16,NULL,'应用软件',NULL,'0',0,NULL,NULL,1,NULL,NULL,NULL,NULL,0,0,0),(17,NULL,'算法研究',NULL,'0',0,NULL,NULL,1,NULL,NULL,NULL,NULL,0,0,0),(18,NULL,'算法研究',NULL,'0',0,NULL,NULL,1,NULL,NULL,NULL,NULL,0,0,0),(19,NULL,'应用软件',NULL,'0',0,NULL,NULL,1,NULL,NULL,NULL,NULL,0,0,0),(20,NULL,'应用软件',NULL,'0',0,NULL,NULL,1,NULL,NULL,NULL,NULL,0,0,0),(21,NULL,'培训讲座',NULL,'0',0,NULL,NULL,1,NULL,NULL,NULL,NULL,0,0,0),(22,NULL,'培训讲座',NULL,'0',0,NULL,NULL,1,NULL,NULL,NULL,NULL,0,0,0),(23,NULL,'算法研究',NULL,'0',0,NULL,NULL,1,NULL,NULL,NULL,NULL,0,0,0),(24,NULL,'应用软件',NULL,'0',0,NULL,NULL,1,NULL,NULL,NULL,NULL,0,0,0),(25,NULL,'应用软件',NULL,'0',0,NULL,NULL,1,NULL,NULL,NULL,NULL,0,0,0),(26,NULL,'应用软件',NULL,'0',0,NULL,NULL,1,NULL,NULL,NULL,NULL,0,0,0),(27,NULL,'算法研究',NULL,'0',0,NULL,NULL,1,NULL,NULL,NULL,NULL,0,0,0),(28,NULL,'应用软件',NULL,'0',0,NULL,NULL,1,NULL,NULL,NULL,NULL,0,0,0),(29,'20','应用软件',NULL,'0',0,'',NULL,1,NULL,'',NULL,NULL,0,0,0),(30,NULL,'算法研究',NULL,'0',0,NULL,NULL,1,NULL,NULL,NULL,NULL,0,0,0),(31,'28','算法研究',NULL,'0',0,'毕设',NULL,1,NULL,'aaa@#￥%*&bbb',NULL,NULL,0,0,0),(32,'28','应用软件',NULL,'0',0,'毕业设计',NULL,1,NULL,'背景1@#￥%*&需求1',NULL,NULL,0,0,0),(33,'30','培训讲座',NULL,'0',0,'设计',NULL,1,NULL,'',NULL,NULL,200,0,0),(34,'30','算法研究','2016-01-22','0',0,'title',NULL,1,NULL,'111@#￥%*&2222@#￥%*&3333',NULL,NULL,45678,0,0),(35,'25','培训讲座',NULL,'0',0,'titels',NULL,1,NULL,'zzz@#￥%*&xxx',NULL,NULL,0,0,0),(38,'30','培训讲座','2016-01-22','暂无状态信息',0,'',NULL,1,NULL,'呀呀呀',NULL,NULL,0,0,0),(39,NULL,'算法研究',NULL,'暂无状态信息',0,NULL,NULL,1,NULL,NULL,NULL,NULL,0,0,0),(40,'30','应用软件',NULL,'暂无状态信息',0,'',NULL,1,'','',NULL,NULL,0,0,0),(41,'12','培训讲座','2016-01-22','暂无状态信息',0,'百度公司',NULL,1,'项目需求@#￥%*&预期目标@#￥%*&材料提交','项目需求内容@#￥%*&@#￥%*&材料提交内容',NULL,NULL,0,0,0),(42,NULL,'培训讲座',NULL,'暂无状态信息',0,NULL,NULL,1,NULL,NULL,NULL,NULL,0,0,0),(43,NULL,'培训讲座',NULL,'暂无状态信息',0,NULL,NULL,1,NULL,NULL,NULL,NULL,0,0,0),(44,'27','培训讲座','2016-01-22','暂无状态信息',0,'腾讯',NULL,1,'项目背景@#￥%*&项目需求','阿萨德@#￥%*&',NULL,NULL,0,0,0),(45,'30','培训讲座','2016-01-25','暂无状态信息',0,'测试的',NULL,1,'项目背景@#￥%*&项目需求','aaa@#￥%*&bbb',NULL,NULL,110,0,0),(46,'30','培训讲座','2016-01-25','暂无状态信息',0,'哈哈',NULL,1,'项目背景@#￥%*&项目需求','项目背景11@#￥%*&项目需求22',NULL,NULL,20.3,0,0),(47,'30','培训讲座','2016-01-25','暂无状态信息',0,'大数据项目',NULL,1,'项目背景@#￥%*&项目需求','背景111，背景22@#￥%*&需求333',NULL,NULL,110,0,0),(48,'30','应用软件','2016-01-25','暂无状态信息',0,'',NULL,1,'项目背景','啊啊啊',NULL,NULL,0,0,0),(49,'30','培训讲座','2016-01-25','暂无状态信息',1,'',NULL,1,'','',NULL,NULL,0,0,0),(50,'30','应用软件','2016-01-25','暂无状态信息',1,'',NULL,1,'项目背景','',NULL,NULL,0,0,0),(51,'28','培训讲座','2016-01-30','暂无状态信息',1,'张三的毕业设计',NULL,1,'项目背景','项目背景11',NULL,NULL,0,0,0),(52,'30','培训讲座','2016-01-30','暂无状态信息',0,'李四的毕业设计',NULL,1,'项目背景','啊啊啊啊',NULL,NULL,0.022,0,0),(53,'30','应用软件','2016-01-30','暂无状态信息',0,'王武的毕业设计',NULL,1,'项目背景','项目背景1',NULL,NULL,12323,0,0),(54,'30','培训讲座','2016-01-30','暂无状态信息',1,'毕业设计1',NULL,1,'','',NULL,NULL,0,0,0),(55,NULL,'应用软件',NULL,'暂无状态信息',0,NULL,NULL,1,NULL,NULL,NULL,NULL,0,0,0),(56,NULL,'培训讲座',NULL,'暂无状态信息',0,NULL,NULL,1,NULL,NULL,NULL,NULL,0,0,0),(57,NULL,'应用软件',NULL,'暂无状态信息',0,NULL,NULL,1,NULL,NULL,NULL,NULL,0,0,0),(58,NULL,'应用软件',NULL,'暂无状态信息',0,NULL,NULL,1,NULL,NULL,NULL,NULL,0,0,0),(59,NULL,'培训讲座',NULL,'暂无状态信息',0,NULL,NULL,1,NULL,NULL,NULL,NULL,0,0,0),(60,NULL,'应用软件',NULL,'暂无状态信息',0,NULL,NULL,1,NULL,NULL,NULL,NULL,0,0,0),(61,NULL,'算法研究',NULL,'暂无状态信息',0,NULL,NULL,1,NULL,NULL,NULL,NULL,0,0,0),(62,NULL,'应用软件',NULL,'暂无状态信息',0,NULL,NULL,1,NULL,NULL,NULL,NULL,0,0,0),(63,NULL,'算法研究',NULL,'暂无状态信息',0,NULL,NULL,1,NULL,NULL,NULL,NULL,0,0,0),(64,NULL,'算法研究',NULL,'暂无状态信息',0,NULL,NULL,1,NULL,NULL,NULL,NULL,0,0,0),(65,NULL,'算法研究',NULL,'暂无状态信息',0,NULL,NULL,1,NULL,NULL,NULL,NULL,0,0,0),(66,NULL,'算法研究',NULL,'暂无状态信息',0,NULL,NULL,1,NULL,NULL,NULL,NULL,0,0,0),(67,NULL,'算法研究',NULL,'暂无状态信息',0,NULL,NULL,1,NULL,NULL,NULL,NULL,0,0,0),(68,NULL,'算法研究',NULL,'暂无状态信息',0,NULL,NULL,1,NULL,NULL,NULL,NULL,0,0,0),(69,'23','培训讲座','2016-02-29','暂无状态信息',1,'开学了',NULL,11,'','',NULL,NULL,0,0,0),(70,NULL,'应用软件',NULL,'暂无状态信息',0,NULL,NULL,11,NULL,NULL,NULL,NULL,0,0,0),(71,'30','应用软件','2016-02-29','暂无状态信息',1,'张',NULL,13,'','',NULL,NULL,0,0,0),(72,NULL,'培训讲座',NULL,'暂无状态信息',0,NULL,NULL,12,NULL,NULL,NULL,NULL,0,0,0),(73,NULL,'åºç¨è½¯ä»¶',NULL,'暂无状态信息',0,NULL,NULL,14,NULL,NULL,NULL,NULL,0,0,0),(74,NULL,'åºç¨è½¯ä»¶',NULL,'暂无状态信息',0,NULL,NULL,20,NULL,NULL,NULL,NULL,0,0,0),(75,NULL,'åºç¨è½¯ä»¶',NULL,'暂无状态信息',0,NULL,NULL,49,NULL,NULL,NULL,NULL,0,0,0),(76,'12','培训讲座','2016-03-04','暂无状态信息',1,'大数据项目spark',NULL,56,'项目需求@#￥%*&团队需求','这是项目需求@#￥%*&这是团队需求',NULL,NULL,0,0,0),(77,NULL,'å¹è®­è®²åº§',NULL,'暂无状态信息',0,NULL,NULL,14,NULL,NULL,NULL,NULL,0,0,0),(78,NULL,'åºç¨è½¯ä»¶',NULL,'暂无状态信息',0,NULL,NULL,58,NULL,NULL,NULL,NULL,0,0,0),(79,NULL,'åºç¨è½¯ä»¶',NULL,'暂无状态信息',0,NULL,NULL,14,NULL,NULL,NULL,NULL,0,0,0),(80,NULL,'åºç¨è½¯ä»¶',NULL,'暂无状态信息',0,NULL,NULL,14,NULL,NULL,NULL,NULL,0,0,0),(81,NULL,'åºç¨è½¯ä»¶',NULL,'暂无状态信息',0,NULL,NULL,14,NULL,NULL,NULL,NULL,0,0,0),(82,NULL,'应用软件',NULL,'暂无状态信息',0,NULL,NULL,14,NULL,NULL,NULL,NULL,0,0,0),(83,NULL,'应用软件',NULL,'暂无状态信息',0,NULL,NULL,14,NULL,NULL,NULL,NULL,0,0,0),(84,NULL,'应用软件',NULL,'暂无状态信息',0,NULL,NULL,14,NULL,NULL,NULL,NULL,0,0,0),(85,NULL,'培训讲座',NULL,'暂无状态信息',0,NULL,NULL,14,NULL,NULL,NULL,NULL,0,0,0),(86,NULL,'应用软件',NULL,'暂无状态信息',0,NULL,NULL,14,NULL,NULL,NULL,NULL,0,0,0),(87,NULL,'应用软件',NULL,'暂无状态信息',0,NULL,NULL,14,NULL,NULL,NULL,NULL,0,0,0),(88,NULL,'应用软件',NULL,'暂无状态信息',0,NULL,NULL,14,NULL,NULL,NULL,NULL,0,0,0),(89,NULL,'应用软件',NULL,'暂无状态信息',0,NULL,NULL,14,NULL,NULL,NULL,NULL,0,0,0),(90,NULL,'应用软件',NULL,'暂无状态信息',0,NULL,NULL,14,NULL,NULL,NULL,NULL,0,0,0),(91,NULL,'应用软件',NULL,'暂无状态信息',0,NULL,NULL,14,NULL,NULL,NULL,NULL,0,0,0),(92,NULL,'应用软件',NULL,'暂无状态信息',0,NULL,NULL,14,NULL,NULL,NULL,NULL,0,0,0),(93,NULL,'应用软件',NULL,'暂无状态信息',0,NULL,NULL,14,NULL,NULL,NULL,NULL,0,0,0),(94,'30','应用软件','2016-03-07','暂无状态信息',1,'用户行为建模',NULL,14,'','',NULL,NULL,0,0,0),(95,'30','培训讲座','2016-03-07','暂无状态信息',1,'刘勇创建的项目',NULL,14,'','',NULL,NULL,1000,0,0),(96,NULL,'算法研究',NULL,'暂无状态信息',0,NULL,NULL,14,NULL,NULL,NULL,NULL,0,0,0),(97,NULL,'应用软件',NULL,'暂无状态信息',0,NULL,NULL,14,NULL,NULL,NULL,NULL,0,0,0),(98,NULL,'应用软件',NULL,'暂无状态信息',0,NULL,NULL,14,NULL,NULL,NULL,NULL,0,0,0),(99,NULL,'应用软件',NULL,'暂无状态信息',0,NULL,NULL,14,NULL,NULL,NULL,NULL,0,0,0),(100,NULL,'应用软件',NULL,'暂无状态信息',0,NULL,NULL,14,NULL,NULL,NULL,NULL,0,0,0),(101,NULL,'应用软件',NULL,'暂无状态信息',0,NULL,NULL,14,NULL,NULL,NULL,NULL,0,0,0),(102,NULL,'应用软件',NULL,'暂无状态信息',0,NULL,NULL,14,NULL,NULL,NULL,NULL,0,0,0),(103,NULL,'应用软件',NULL,'暂无状态信息',0,NULL,NULL,14,NULL,NULL,NULL,NULL,0,0,0),(104,NULL,'应用软件',NULL,'暂无状态信息',0,NULL,NULL,14,NULL,NULL,NULL,NULL,0,0,0),(105,NULL,'应用软件',NULL,'暂无状态信息',0,NULL,NULL,14,NULL,NULL,NULL,NULL,0,0,0),(106,NULL,'应用软件',NULL,'暂无状态信息',0,NULL,NULL,14,NULL,NULL,NULL,NULL,0,0,0),(107,NULL,'应用软件',NULL,'暂无状态信息',0,NULL,NULL,14,NULL,NULL,NULL,NULL,0,0,0),(108,'30','应用软件',NULL,'暂无状态信息',0,'ff',NULL,14,'项目背景','',NULL,NULL,0,0,0),(109,NULL,'应用软件',NULL,'暂无状态信息',0,NULL,NULL,23,NULL,NULL,NULL,NULL,0,0,0),(110,NULL,'应用软件',NULL,'暂无状态信息',0,NULL,NULL,14,NULL,NULL,NULL,NULL,0,0,0),(111,'30','算法研究','2016-03-08','暂无状态信息',1,'机器人感知项目',NULL,14,'项目背景@#￥%*&预期目标@#￥%*&材料提交','研究智能机器人感知系统@#￥%*&实现机器人的所有行为@#￥%*&提交算法代码和使用文档',NULL,NULL,0,0,0),(112,'30','应用软件','2016-03-08','暂无状态信息',0,'sdfdsfdsfdsf',NULL,14,'','',NULL,NULL,0,0,0),(113,'28','应用软件','2016-03-08','暂无状态信息',0,'sdsds',NULL,14,'','',NULL,NULL,0,0,0),(114,NULL,'应用软件',NULL,'暂无状态信息',0,NULL,NULL,14,NULL,NULL,NULL,NULL,0,0,0),(115,'30','应用软件',NULL,'暂无状态信息',0,'123',NULL,14,'','',NULL,NULL,0,0,0),(116,'30','应用软件',NULL,'暂无状态信息',0,'qq',NULL,14,'','',NULL,NULL,0,0,0),(117,'30','应用软件',NULL,'暂无状态信息',0,'qq',NULL,14,'','',NULL,NULL,0,0,0),(118,NULL,'应用软件',NULL,'暂无状态信息',0,NULL,NULL,14,NULL,NULL,NULL,NULL,0,0,0),(119,NULL,'应用软件',NULL,'暂无状态信息',0,NULL,NULL,14,NULL,NULL,NULL,NULL,0,0,0),(120,NULL,'应用软件',NULL,'暂无状态信息',0,NULL,NULL,23,NULL,NULL,NULL,NULL,0,0,0),(121,NULL,'应用软件',NULL,'暂无状态信息',0,NULL,NULL,14,NULL,NULL,NULL,NULL,0,0,0),(122,NULL,'应用软件',NULL,'暂无状态信息',0,NULL,NULL,25,NULL,NULL,NULL,NULL,0,0,0),(123,NULL,'应用软件',NULL,'暂无状态信息',0,NULL,NULL,14,NULL,NULL,NULL,NULL,0,0,0),(124,NULL,'应用软件',NULL,'暂无状态信息',0,NULL,NULL,14,NULL,NULL,NULL,NULL,0,0,0),(125,'30','应用软件',NULL,'暂无状态信息',0,'eee',NULL,14,'项目背景','eeeee',NULL,NULL,0,0,0),(126,'30','应用软件',NULL,'暂无状态信息',0,'dddd',NULL,14,'项目背景','ddddd',NULL,NULL,0,0,0),(127,NULL,'应用软件',NULL,'暂无状态信息',0,NULL,NULL,14,NULL,NULL,NULL,NULL,0,0,0),(128,NULL,'应用软件',NULL,'暂无状态信息',0,NULL,NULL,14,NULL,NULL,NULL,NULL,0,0,0),(129,NULL,'培训讲座',NULL,'暂无状态信息',0,NULL,NULL,14,NULL,NULL,NULL,NULL,0,0,0),(130,'30','应用软件',NULL,'暂无状态信息',0,'d',NULL,14,'项目背景','d',NULL,NULL,0,0,0),(131,'30','应用软件',NULL,'暂无状态信息',0,'11',NULL,14,'项目背景','1111',NULL,NULL,0,0,0),(132,NULL,'应用软件',NULL,'暂无状态信息',0,NULL,NULL,14,NULL,NULL,NULL,NULL,0,0,0),(133,'30','应用软件',NULL,'暂无状态信息',0,'用户行为建模',NULL,14,'项目背景','eeeee',NULL,NULL,0,0,0),(134,NULL,'应用软件',NULL,'暂无状态信息',0,NULL,NULL,14,NULL,NULL,NULL,NULL,0,0,0),(135,NULL,'应用软件',NULL,'暂无状态信息',0,NULL,NULL,14,NULL,NULL,NULL,NULL,0,0,0),(136,NULL,'应用软件',NULL,'暂无状态信息',0,NULL,NULL,14,NULL,NULL,NULL,NULL,0,0,0),(137,NULL,'应用软件',NULL,'暂无状态信息',0,NULL,NULL,14,NULL,NULL,NULL,NULL,0,0,0),(138,NULL,'应用软件',NULL,'暂无状态信息',0,NULL,NULL,14,NULL,NULL,NULL,NULL,0,0,0),(139,'30','应用软件','2016-03-09','暂无状态信息',1,'信号处理',NULL,14,'项目背景','顶顶顶顶',NULL,NULL,1212121212,0,0),(140,'30','应用软件','2016-03-09','暂无状态信息',1,'11',NULL,14,'项目背景','1111',NULL,NULL,0,0,0),(141,'30','应用软件','2016-03-09','暂无状态信息',0,'2222',NULL,14,'项目背景','2222',NULL,NULL,0,0,0),(142,'26','算法研究','2016-03-09','暂无状态信息',1,'12',NULL,14,'项目背景','12',NULL,NULL,0,0,0),(143,'24','应用软件','2016-03-09','暂无状态信息',0,'qq',NULL,14,'项目背景','1212',NULL,NULL,0,0,0),(144,'30','应用软件','2016-03-09','暂无状态信息',1,'1212',NULL,14,'项目背景','1212',NULL,NULL,0,0,0),(145,'30','应用软件','2016-03-09','暂无状态信息',0,'qw',NULL,14,'项目背景','qwqw',NULL,NULL,0,0,0),(146,NULL,'应用软件',NULL,'暂无状态信息',0,NULL,NULL,14,NULL,NULL,NULL,NULL,0,0,0),(147,NULL,'应用软件',NULL,'暂无状态信息',0,NULL,NULL,14,NULL,NULL,NULL,NULL,0,0,0),(148,NULL,'应用软件',NULL,'暂无状态信息',0,NULL,NULL,14,NULL,NULL,NULL,NULL,0,0,0),(149,NULL,'应用软件',NULL,'暂无状态信息',0,NULL,NULL,14,NULL,NULL,NULL,NULL,0,0,0),(150,NULL,'应用软件',NULL,'暂无状态信息',0,NULL,NULL,14,NULL,NULL,NULL,NULL,0,0,0),(151,NULL,'应用软件',NULL,'暂无状态信息',0,NULL,NULL,14,NULL,NULL,NULL,NULL,0,0,0),(152,'29','应用软件','2016-03-09','暂无状态信息',1,'12',NULL,14,'项目背景','1212',NULL,NULL,0,0,0),(153,NULL,'应用软件',NULL,'暂无状态信息',0,NULL,NULL,14,NULL,NULL,NULL,NULL,0,0,0),(154,'30','应用软件','2016-03-14','暂无状态信息',1,'12',NULL,14,'项目背景','12',NULL,NULL,0,0,0),(155,'30','应用软件','2016-03-14','暂无状态信息',1,'123123',NULL,14,'项目背景','123',NULL,NULL,0,0,0),(156,NULL,'应用软件',NULL,'暂无状态信息',0,NULL,NULL,14,NULL,NULL,NULL,NULL,0,0,1),(157,'30','应用软件','2016-03-16','暂无状态信息',1,'qw',1,14,'项目背景','qw',NULL,NULL,0,0,4),(158,'30','应用软件','2016-03-16','暂无状态信息',1,'ddd',NULL,14,'项目背景','ddddd',NULL,NULL,0,0,4),(159,NULL,'培训讲座',NULL,'暂无状态信息',0,NULL,NULL,60,NULL,NULL,NULL,NULL,0,0,1),(160,NULL,'培训讲座',NULL,'暂无状态信息',0,NULL,NULL,60,NULL,NULL,NULL,NULL,0,0,1),(161,NULL,'培训讲座',NULL,'暂无状态信息',0,NULL,NULL,60,NULL,NULL,NULL,NULL,0,0,1),(162,NULL,'培训讲座',NULL,'暂无状态信息',0,NULL,NULL,60,NULL,NULL,NULL,NULL,0,0,1),(163,NULL,'培训讲座',NULL,'暂无状态信息',0,NULL,NULL,60,NULL,NULL,NULL,NULL,0,0,1),(164,NULL,'培训讲座',NULL,'暂无状态信息',0,NULL,NULL,60,NULL,NULL,NULL,NULL,0,0,1),(165,NULL,'培训讲座',NULL,'暂无状态信息',0,NULL,NULL,60,NULL,NULL,NULL,NULL,0,0,1),(166,NULL,'培训讲座',NULL,'暂无状态信息',0,NULL,NULL,60,NULL,NULL,NULL,NULL,0,0,1),(167,NULL,'培训讲座',NULL,'暂无状态信息',0,NULL,NULL,60,NULL,NULL,NULL,NULL,0,0,1),(168,NULL,'培训讲座',NULL,'暂无状态信息',0,NULL,NULL,60,NULL,NULL,NULL,NULL,0,0,1),(169,NULL,'培训讲座',NULL,'暂无状态信息',0,NULL,NULL,60,NULL,NULL,NULL,NULL,0,0,1),(170,'28','培训讲座','2016-04-20','暂无状态信息',1,'机械测试',2,60,'项目背景','这是项目背景',NULL,NULL,0,0,4);

/*Table structure for table `t_scholar` */

DROP TABLE IF EXISTS `t_scholar`;

CREATE TABLE `t_scholar` (
  `id` int(11) NOT NULL AUTO_INCREMENT,
  `education` longtext,
  `institution` varchar(255) DEFAULT NULL,
  `name` varchar(255) DEFAULT NULL,
  `position` varchar(255) DEFAULT NULL,
  `follow` int(11) NOT NULL,
  `outcome` int(11) NOT NULL,
  `reference` int(11) NOT NULL,
  `hindex` int(11) DEFAULT NULL,
  `gindex` int(11) DEFAULT NULL,
  `percent_journal` float DEFAULT NULL,
  `percent_conference` float DEFAULT NULL,
  `percent_booktitle` float DEFAULT NULL,
  `percent_other` float DEFAULT NULL,
  `booktitle_percent` float NOT NULL,
  `conference_percent` float NOT NULL,
  `journal_percent` float NOT NULL,
  `other_percent` float NOT NULL,
  PRIMARY KEY (`id`)
) ENGINE=InnoDB AUTO_INCREMENT=1098 DEFAULT CHARSET=utf8;

/*Data for the table `t_scholar` */

insert  into `t_scholar`(`id`,`education`,`institution`,`name`,`position`,`follow`,`outcome`,`reference`,`hindex`,`gindex`,`percent_journal`,`percent_conference`,`percent_booktitle`,`percent_other`,`booktitle_percent`,`conference_percent`,`journal_percent`,`other_percent`) values (1,'博士','北京科技大学计算机通信与工程学院','张德政','教授',0,67,509,13,20,85.1,14.9,0,0,0,0,0,0),(2,'博士','北京科技大学计算机通信与工程学院','夏克俭','教授',0,30,317,10,17,96.7,3.3,0,0,0,0,0,0),(3,'博士','北京科技大学自动化学院','郭峰','教授',0,5,27,2,0,60,40,0,0,0,0,0,0),(4,'博士','北京科技大学自动化学院','丁大伟','教授',0,3,18,2,0,0,0,0,0,0,0,0,0),(5,'博士','北京科技大学自动化学院','童朝南','教授',0,183,1054,16,21,83.1,16.4,0.5,0,0,0,0,0),(6,'博士','北京科技大学自动化学院','徐正光','教授',0,71,733,16,25,80.3,15.5,2.8,1.4,0,0,0,0),(7,'博士','中国科学院计算技术研究所','张玉成','教授',0,22,84,5,8,59.1,40.9,0,0,0,0,0,0),(8,'博士','北京科技大学自动化学院','穆志纯','教授',0,204,1418,19,27,80.9,17.6,1.5,0,0,0,0,0),(9,'博士','北京科技大学计算机通信与工程学院','万亚东','教授',0,32,116,7,9,62.5,28.1,9.4,0,0,0,0,0),(10,'博士','北京科技大学自动化学院','尹怡欣','教授',0,236,1152,16,25,69.9,29.2,0.9,0,0,0,0,0),(11,'博士','中国科学院计算技术研究所','刘悦','教授',0,161,1039,18,26,67.7,24.8,5,2.5,0,0,0,0),(12,'博士','北京科技大学自动化学院','伍春洪','教授',0,19,101,7,9,73.7,26.3,0,0,0,0,0,0),(13,'博士','中国科学院计算技术研究所','唐志敏','教授',0,100,1475,21,35,81,16,3,0,0,0,0,0),(14,'博士','北京科技大学自动化学院','赵小燕','教授',0,8,7,2,2,0,0,0,0,0,0,0,0),(15,'博士','北京科技大学计算机通信与工程学院','张晓彤','教授',0,86,543,11,19,73.3,25.6,1.1,0,0,0,0,0),(16,'博士','北京科技大学计算机通信与工程学院','汪红兵','教授',0,42,85,5,7,85.7,14.3,0,0,0,0,0,0),(17,'博士','北京科技大学自动化学院','鲁亿方','教授',0,30,67,4,6,80,20,0,0,0,0,0,0),(18,'博士','北京科技大学计算机通信与工程学院','孙昌爱','教授',0,25,1156,10,0,92,8,0,0,0,0,0,0),(19,'博士','北京科技大学自动化学院','舒雄鹰','教授',0,12,58,5,7,0,0,0,0,0,0,0,0),(20,'博士','北京科技大学计算机通信与工程学院','张磊','教授',0,20,81,5,8,90,10,0,0,0,0,0,0),(21,'博士','北京交通大学电子信息工程学院','曹芳','教授',0,4,16,3,0,75,25,0,0,0,0,0,0),(22,'博士','中国科学院软件研究所','范丽敏','教授',0,12,48,5,6,91.7,8.3,0,0,0,0,0,0),(23,'博士','北京交通大学电子信息工程学院','李旭','教授',0,62,126,6,7,62.9,32.3,0,4.8,0,0,0,0),(24,'博士','中国科学院软件研究所','张斌','教授',0,38,287,8,16,94.7,5.3,0,0,0,0,0,0),(25,'博士','中国科学院软件研究所','徐罡','教授',0,15,479,7,0,86.7,13.3,0,0,0,0,0,0),(26,'博士','中国科学院软件研究所','王青','教授',0,131,2200,24,42,60.3,26.7,12.2,0.8,0,0,0,0),(27,'博士','北京邮电大学计算机学院','宋美娜','教授',0,70,477,9,20,58.6,38.6,2.8,0,0,0,0,0),(28,'博士','北京邮电大学计算机学院','邓芳','教授',0,10,70,2,8,50,50,0,0,0,0,0,0),(29,'博士','北京邮电大学计算机学院','张茹','教授',0,122,578,12,19,82,15.6,2.4,0,0,0,0,0),(30,'博士','北京交通大学电子信息工程学院','张宏科','教授',0,557,3539,22,46,67,26.6,1.3,5.1,0,0,0,0),(31,'博士','中国科学院软件研究所','王永炎','教授',0,15,194,5,13,60,33.3,0,6.7,0,0,0,0),(32,'博士','北京邮电大学计算机学院','马跃','教授',0,190,1582,22,35,80.5,16.8,1.6,1.1,0,0,0,0),(33,'博士','中国科学院软件研究所','芮建武','教授',0,19,136,7,11,78.9,10.5,0,10.6,0,0,0,0),(34,'博士','北京邮电大学计算机学院','梁洪亮','教授',0,2,5,1,0,50,50,0,0,0,0,0,0),(35,'博士','北京邮电大学计算机学院','徐六通','教授',0,24,353,8,18,66.7,29.2,4.1,0,0,0,0,0),(36,'博士','北京邮电大学计算机学院','辛阳','教授',0,197,628,9,18,50.3,40.6,2,7.1,0,0,0,0),(37,'博士','中国科学院软件研究所','应凌云','教授',0,20,85,5,8,65,20,15,0,0,0,0,0),(38,'博士','中国科学院软件研究所','王丹力','教授',0,47,532,9,22,68.1,23.4,8.5,0,0,0,0,0),(39,'博士','中国科学院软件研究所','李明树','教授',0,173,3004,27,48,70.5,18.5,10.4,0.6,0,0,0,0),(40,'博士','中国科学院软件研究所','武延军','教授',0,29,86,5,8,82.8,10.3,6.9,0,0,0,0,0),(41,'博士','北京科技大学计算机通信与工程学院','胡四泉','教授',0,12,92,6,9,91.7,0,8.3,0,0,0,0,0),(42,'博士','北京科技大学自动化学院','王丽君','教授',0,26,64,4,7,69.2,30.8,0,0,0,0,0,0),(43,'博士','北京科技大学自动化学院','王粉花','教授',0,15,155,6,12,80,13.3,6.7,0,0,0,0,0),(44,'博士','北京科技大学自动化学院','陈先中','教授',0,62,283,11,13,77.4,21,1.6,0,0,0,0,0),(45,'博士','北京科技大学计算机通信与工程学院','班晓娟','教授',0,93,665,13,23,77.4,17.2,4.3,1.1,0,0,0,0),(46,'博士','北京科技大学自动化学院','孙乐殿','教授',0,4,8,2,2,0,0,0,0,0,0,0,0),(47,'博士','北京科技大学计算机通信与工程学院','王建萍','教授',0,35,141,7,11,85.7,11.4,2.9,0,0,0,0,0),(48,'博士','北京科技大学自动化学院','胡广大','教授',0,50,192,8,11,94,6,0,0,0,0,0,0),(49,'博士','北京科技大学计算机通信与工程学院','曾庆峰','教授',0,7,20,2,4,0,0,0,0,0,0,0,0),(50,'博士','北京科技大学自动化学院','薛燕','教授',0,7,44,5,6,0,0,0,0,0,0,0,0),(51,'博士','北京科技大学计算机通信与工程学院','王志明','教授',0,20,109,5,10,85,15,0,0,0,0,0,0),(52,'博士','北京科技大学自动化学院','史雪飞','教授',0,19,87,6,8,94.7,5.3,0,0,0,0,0,0),(53,'博士','北京科技大学计算机通信与工程学院','段世红','教授',0,14,52,4,6,71.4,28.6,0,0,0,0,0,0),(54,'博士','北京科技大学自动化学院','刘蕴络','教授',0,14,46,5,6,92.9,7.1,0,0,0,0,0,0),(55,'博士','北京科技大学计算机通信与工程学院','杨裕亮','教授',0,15,47,3,6,53.3,40,6.7,0,0,0,0,0),(56,'博士','北京科技大学自动化学院','迟健男','教授',0,50,442,11,19,78,18,2,2,0,0,0,0),(57,'博士','北京科技大学计算机通信与工程学院','王先梅','教授',0,32,113,6,10,59.4,37.5,3.1,0,0,0,0,0),(58,'博士','北京科技大学自动化学院','付冬梅','教授',0,119,711,14,21,79,18.5,1.7,0.8,0,0,0,0),(59,'博士','北京科技大学计算机通信与工程学院','包宏','教授',0,50,374,9,18,80,20,0,0,0,0,0,0),(60,'博士','清华大学软件学院','张慧','教授',0,31,170,7,12,67.7,29,3.3,0,0,0,0,0),(61,'博士','北京邮电大学计算机学院','孙岩','教授',0,111,494,13,19,70.3,14.4,0.9,14.4,0,0,0,0),(62,'博士','中国科学院软件研究所','王宏安','教授',0,226,2710,30,46,58.4,33.6,6.6,1.4,0,0,0,0),(63,'博士','北京科技大学自动化学院','张维存','教授',0,52,160,6,12,40.4,53.8,3.8,2,0,0,0,0),(64,'博士','清华大学软件学院','李春平','教授',0,38,392,11,19,76.3,21.1,0,2.6,0,0,0,0),(65,'博士','中国科学院软件研究所','魏峻','教授',0,220,1553,21,31,60.5,32.7,5,1.8,0,0,0,0),(66,'博士','清华大学软件学院','罗平','教授',0,66,504,14,19,90.9,7.6,1.5,0,0,0,0,0),(67,'博士','北京邮电大学计算机学院','谷利泽','教授',0,84,433,10,18,54.8,45.2,0,0,0,0,0,0),(68,'博士','中国科学院软件研究所','张文辉','教授',0,14,308,5,0,0,0,0,0,0,0,0,0),(69,'博士','北京邮电大学计算机学院','李晖','教授',0,39,100,6,8,66.7,28.2,0,5.1,0,0,0,0),(70,'博士','中国科学院软件研究所','张凤军','教授',0,49,378,10,18,77.6,20.4,0,2,0,0,0,0),(71,'博士','清华大学软件学院','刘世霞','教授',0,4,121,0,0,0,0,0,0,0,0,0,0),(72,'博士','北京邮电大学计算机学院','王小捷','教授',0,76,223,8,12,48.7,42.1,9.2,0,0,0,0,0),(73,'博士','中国科学院软件研究所','刘汇丹','教授',0,23,87,5,8,56.5,43.5,0,0,0,0,0,0),(74,'博士','清华大学软件学院','顾明','教授',0,268,2412,24,42,75,19.4,3.4,2.2,0,0,0,0),(75,'博士','北京邮电大学计算机学院','杨娟','教授',0,11,56,4,7,45.5,36.4,0,18.1,0,0,0,0),(76,'博士','中国科学院软件研究所','王浩','教授',0,8,10,3,3,50,25,0,25,0,0,0,0),(77,'博士','北京科技大学计算机通信与工程学院','王昭顺','教授',0,65,448,12,19,78.5,21.5,0,0,0,0,0,0),(78,'博士','清华大学软件学院','陈莉','教授',0,6,12,1,3,83.3,16.7,0,0,0,0,0,0),(79,'博士','北京邮电大学计算机学院','周文安','教授',0,89,370,10,14,50.6,42.7,3.4,3.3,0,0,0,0),(80,'博士','清华大学软件学院','闻立杰','教授',0,60,536,13,22,53.3,30,16.7,0,0,0,0,0),(81,'博士','北京邮电大学计算机学院','杨文川','教授',0,48,32,4,5,18.7,81.3,0,0,0,0,0,0),(82,'博士','北京邮电大学计算机学院','杨义先','教授',0,1280,11991,42,70,80,18.6,0.8,0.6,0,0,0,0),(83,'博士','北京邮电大学计算机学院','任志军','教授',0,4,27,1,0,0,0,0,0,0,0,0,0),(84,'博士','清华大学软件学院','覃征','教授',0,335,3174,25,44,81.8,13.4,3.9,0.9,0,0,0,0),(85,'博士','清华大学软件学院','叶晓俊','教授',0,104,657,14,21,58.7,35.6,5.7,0,0,0,0,0),(86,'博士','北京邮电大学计算机学院','郑康锋','教授',0,105,340,9,15,41.9,57.1,1,0,0,0,0,0),(87,'博士','清华大学计算机科学与技术系','邓北星','教授',0,69,374,12,17,39.1,49.3,10.1,1.5,0,0,0,0),(88,'博士','清华大学计算机科学与技术系','汪莱','教授',0,79,316,8,15,77.2,21.5,1.3,0,0,0,0,0),(89,'博士','中国科学院软件研究所','苏璞睿','教授',0,66,957,18,29,77.3,12.1,9.1,1.5,0,0,0,0),(90,'博士','中国科学院软件研究所','陈彦云','教授',0,24,457,8,21,91.7,4.2,4.1,0,0,0,0,0),(91,'博士','北京语言大学信息科学学院','王筱棠','教授',0,8,18,2,4,87.5,12.5,0,0,0,0,0,0),(92,'博士','中国科学院计算技术研究所','周一青','教授',0,8,11,3,3,0,0,0,0,0,0,0,0),(93,'博士','中国科学院计算技术研究所','赵屹','教授',0,45,1410,15,37,95.6,2.2,2.2,0,0,0,0,0),(94,'博士','中国科学院计算技术研究所','刘群','教授',0,229,5233,31,69,62.4,33.2,1.7,2.7,0,0,0,0),(95,'博士','中国科学院计算技术研究所','山世光','教授',0,160,5643,37,72,55,31.9,12.5,0.6,0,0,0,0),(96,'博士','北京科技大学自动化学院','王国霞','教授',0,11,159,3,0,81.8,18.2,0,0,0,0,0,0),(97,'博士','中国科学院计算技术研究所','张福新','教授',0,28,276,8,15,89.3,7.1,0,3.6,0,0,0,0),(98,'博士','北京科技大学自动化学院','彭开香','教授',0,69,376,11,15,84.1,14.5,1.4,0,0,0,0,0),(99,'博士','中国科学院计算技术研究所','眭跃飞','教授',0,47,216,8,14,0,0,0,0,0,0,0,0),(100,'博士','北京语言大学信息科学学院','赵慧周','教授',0,13,4,1,1,92.3,7.7,0,0,0,0,0,0),(101,'博士','中国科学院计算技术研究所','张法','教授',0,61,264,9,15,65.6,29.5,4.9,0,0,0,0,0),(102,'博士','北京语言大学信息科学学院','张劲松','教授',0,31,25,3,4,29,61.3,0,9.7,0,0,0,0),(103,'博士','中国科学院计算技术研究所','俞晓明','教授',0,10,91,3,9,80,20,0,0,0,0,0,0),(104,'博士','北京语言大学信息科学学院','赵晓霞','教授',0,16,186,7,13,0,0,0,0,0,0,0,0),(105,'博士','中国科学院计算技术研究所','李华伟','教授',0,172,1229,17,26,50.6,45.3,2.9,1.2,0,0,0,0),(106,'博士','北京语言大学信息科学学院','荀恩东','教授',0,23,203,7,14,78.3,21.7,0,0,0,0,0,0),(107,'博士','中国科学院计算技术研究所','纪雯','教授',0,9,7,2,2,66.7,22.2,0,11.1,0,0,0,0),(108,'博士','北京语言大学信息科学学院','解焱陆','教授',0,10,0,0,0,40,60,0,0,0,0,0,0),(109,'博士','北京语言大学信息科学学院','李吉梅','教授',0,26,39,2,5,84.6,15.4,0,0,0,0,0,0),(110,'博士','北京交通大学电子信息工程学院','曹继红','教授',0,52,214,9,12,88.5,9.6,1.9,0,0,0,0,0),(111,'博士','北京交通大学电子信息工程学院','侯建军','教授',0,93,504,11,19,81.7,16.1,1.1,1.1,0,0,0,0),(112,'博士','清华大学计算机科学与技术系','苏厉','教授',0,134,905,15,26,64.2,33.6,2.2,0,0,0,0,0),(113,'博士','北京交通大学电子信息工程学院','刘江','教授',0,62,174,8,11,59.7,33.9,3.2,3.2,0,0,0,0),(114,'博士','清华大学计算机科学与技术系','李国林','教授',0,141,860,16,24,48.9,30.5,2.1,18.5,0,0,0,0),(115,'博士','北京交通大学电子信息工程学院','徐洪泽','教授',0,69,354,10,17,68.1,27.5,2.9,1.5,0,0,0,0),(116,'博士','清华大学计算机科学与技术系','王贵锦','教授',0,84,522,13,19,85.7,14.3,0,0,0,0,0,0),(117,'博士','清华大学计算机科学与技术系','张彧','教授',0,24,79,6,8,62.5,37.5,0,0,0,0,0,0),(118,'博士','清华大学计算机科学与技术系','徐淑正','教授',0,43,231,8,13,55.8,44.2,0,0,0,0,0,0),(119,'博士','北京语言大学信息科学学院','刘贵龙','教授',0,12,166,6,0,83.3,16.7,0,0,0,0,0,0),(120,'博士','清华大学计算机科学与技术系','李冬梅','教授',0,88,473,12,18,89.8,9.1,1.1,0,0,0,0,0),(121,'博士','北京语言大学信息科学学院','崔雅娟','教授',0,8,21,3,4,50,50,0,0,0,0,0,0),(122,'博士','清华大学计算机科学与技术系','王希勤','教授',0,117,901,14,25,54.7,38.5,6,0.8,0,0,0,0),(123,'博士','清华大学计算机科学与技术系','周炳琨','教授',0,336,1161,15,22,74.7,19.9,5.4,0,0,0,0,0),(124,'博士','清华大学计算机科学与技术系','王军','教授',0,103,1200,16,33,75.7,23.3,1,0,0,0,0,0),(125,'博士','北京交通大学电子信息工程学院','苏伟','教授',0,76,462,10,20,65.8,13.2,1.3,19.7,0,0,0,0),(126,'博士','清华大学计算机科学与技术系','杨帆','教授',0,21,205,8,14,76.2,23.8,0,0,0,0,0,0),(127,'博士','北京交通大学电子信息工程学院','刘艳','教授',0,178,893,15,19,88.2,7.3,2.2,2.3,0,0,0,0),(128,'博士','北京交通大学电子信息工程学院','罗洪斌','教授',0,32,174,6,13,68.8,28.1,3.1,0,0,0,0,0),(129,'博士','北京交通大学电子信息工程学院','王悉','教授',0,5,84,4,0,0,0,0,0,0,0,0,0),(130,'博士','北京交通大学电子信息工程学院','杨世武','教授',0,35,124,7,9,88.6,5.7,2.9,2.8,0,0,0,0),(131,'博士','北京交通大学电子信息工程学院','王化深','教授',0,37,227,9,13,86.5,13.5,0,0,0,0,0,0),(132,'博士','中国科学院计算技术研究所','陈明宇','教授',0,101,586,10,22,54.5,39.6,2,3.9,0,0,0,0),(133,'博士','中国科学院计算技术研究所','许洪波','教授',0,101,1638,23,37,51.5,45.5,2,1,0,0,0,0),(134,'博士','中国科学院计算技术研究所','石晶林','教授',0,170,993,17,25,61.2,35.9,0.6,2.3,0,0,0,0),(135,'博士','北京理工大学自动化学院','林知微','教授',0,5,6,2,2,0,0,0,0,0,0,0,0),(136,'博士','中国科学院计算技术研究所','武成岗','教授',0,44,548,8,23,70.5,25,2.3,2.2,0,0,0,0),(137,'博士','北京语言大学信息科学学院','杨尔弘','教授',0,61,385,12,18,60.7,39.3,0,0,0,0,0,0),(138,'博士','中国科学院计算技术研究所','史忠植','教授',0,656,12128,54,95,64,27.7,7.9,0.4,0,0,0,0),(139,'博士','北京语言大学信息科学学院','宋柔','教授',0,81,499,12,19,63,37,0,0,0,0,0,0),(140,'博士','中国科学院计算技术研究所','徐志伟','教授',0,129,2839,24,51,71.3,19.4,8.5,0.8,0,0,0,0),(141,'博士','北京语言大学信息科学学院','于东','教授',0,8,2,1,1,37.5,62.5,0,0,0,0,0,0),(142,'博士','中国科学院计算技术研究所','李锦涛','教授',0,299,4122,31,55,58.9,35.5,4.7,0.9,0,0,0,0),(143,'博士','北京理工大学自动化学院','任雪梅','教授',0,100,584,15,21,63,34,1,2,0,0,0,0),(144,'博士','清华大学计算机科学与技术系','乔飞','教授',0,38,52,4,5,52.6,44.7,2.7,0,0,0,0,0),(145,'博士','北京理工大学自动化学院','彭熙伟','教授',0,83,516,12,17,92.8,7.2,0,0,0,0,0,0),(146,'博士','中国科学院计算技术研究所','陈援非','教授',0,17,78,5,8,52.9,47.1,0,0,0,0,0,0),(147,'博士','北京理工大学自动化学院','江泽民','教授',0,8,78,5,0,0,0,0,0,0,0,0,0),(148,'博士','中国科学院计算技术研究所','安竹林','教授',0,5,14,3,3,80,0,0,20,0,0,0,0),(149,'博士','北京理工大学自动化学院','付梦印','教授',0,210,1751,23,34,68.6,29,1,1.4,0,0,0,0),(150,'博士','中国科学院计算技术研究所','查礼','教授',0,26,840,9,0,96.2,3.8,0,0,0,0,0,0),(151,'博士','北京交通大学电子信息工程学院','徐少毅','教授',0,8,8,2,2,0,0,0,0,0,0,0,0),(152,'博士','清华大学计算机科学与技术系','孙长征','教授',0,125,661,13,20,67.2,24,8.8,0,0,0,0,0),(153,'博士','北京交通大学电子信息工程学院','李兴华','教授',0,33,94,5,8,93.9,3,3.1,0,0,0,0,0),(154,'博士','清华大学计算机科学与技术系','陆明泉','教授',0,173,823,16,21,73.4,25.4,1.2,0,0,0,0,0),(155,'博士','北京交通大学电子信息工程学院','马琳','教授',0,22,322,11,17,59.1,27.3,0,13.6,0,0,0,0),(156,'博士','清华大学计算机科学与技术系','张巍','教授',0,42,219,9,13,0,0,0,0,0,0,0,0),(157,'博士','北京交通大学电子信息工程学院','杨文考','教授',0,9,6,2,2,0,0,0,0,0,0,0,0),(158,'博士','清华大学计算机科学与技术系','韩彦军','教授',0,83,730,13,25,74.7,21.7,3.6,0,0,0,0,0),(159,'博士','北京理工大学自动化学院','戴忠健','教授',0,14,189,8,13,0,0,0,0,0,0,0,0),(160,'博士','清华大学计算机科学与技术系','陆建华','教授',0,297,2056,23,37,62,34.3,3.4,0.3,0,0,0,0),(161,'博士','北京理工大学自动化学院','高志峰','教授',0,15,6,1,1,66.7,33.3,0,0,0,0,0,0),(162,'博士','清华大学计算机科学与技术系','冯伟','教授',0,4,14,2,3,0,0,0,0,0,0,0,0),(163,'博士','北京交通大学电子信息工程学院','周永华','教授',0,8,41,3,6,0,0,0,0,0,0,0,0),(164,'博士','清华大学计算机科学与技术系','王钺','教授',0,65,251,8,13,70.8,27.7,0,1.5,0,0,0,0),(165,'博士','北京理工大学自动化学院','宋春雷','教授',0,41,109,6,8,63.4,34.1,0,2.5,0,0,0,0),(166,'博士','清华大学计算机科学与技术系','周世东','教授',0,299,2417,22,41,59.9,34.8,3.3,2,0,0,0,0),(167,'博士','北京交通大学电子信息工程学院','卫延','教授',0,24,100,5,8,83.3,12.5,0,4.2,0,0,0,0),(168,'博士','清华大学计算机科学与技术系','马晓红','教授',0,93,364,10,12,78.5,15.1,5.4,1,0,0,0,0),(169,'博士','清华大学计算机科学与技术系','白铂','教授',0,6,9,2,3,0,0,0,0,0,0,0,0),(170,'博士','北京交通大学电子信息工程学院','步兵','教授',0,4,17,2,0,0,0,0,0,0,0,0,0),(171,'博士','北京交通大学电子信息工程学院','钟章队','教授',0,240,1496,20,29,71.7,27.1,0.8,0.4,0,0,0,0),(172,'博士','北京交通大学电子信息工程学院','刘云','教授',0,361,2052,21,31,90.9,7.8,0.8,0.5,0,0,0,0),(173,'博士','北京交通大学电子信息工程学院','袁雪','教授',0,8,18,3,4,87.5,12.5,0,0,0,0,0,0),(174,'博士','北京师范大学信息科学与技术学院','余乐军','教授',0,8,118,6,0,50,37.5,12.5,0,0,0,0,0),(175,'博士','北京师范大学信息科学与技术学院','别荣芳','教授',0,29,154,6,12,96.6,3.4,0,0,0,0,0,0),(176,'博士','北京师范大学信息科学与技术学院','叶卫平','教授',0,8,51,4,7,0,0,0,0,0,0,0,0),(177,'博士','北京邮电大学计算机学院','吴旭','教授',0,81,181,8,9,79,17.3,2.5,1.2,0,0,0,0),(178,'博士','北京邮电大学计算机学院','罗守山','教授',0,89,523,12,19,73,23.6,1.1,2.3,0,0,0,0),(179,'博士','北京师范大学信息科学与技术学院','党德鹏','教授',0,47,186,8,11,89.4,8.5,0,2.1,0,0,0,0),(180,'博士','北京师范大学信息科学与技术学院','余先川','教授',0,123,3204,11,56,63.4,34.1,2.5,0,0,0,0,0),(181,'博士','北京师范大学信息科学与技术学院','骆岩林','教授',0,12,100,7,9,91.7,0,0,8.3,0,0,0,0),(182,'博士','北京师范大学信息科学与技术学院','骆祖莹','教授',0,81,366,11,16,60.5,33.3,4.9,1.3,0,0,0,0),(183,'博士','北京师范大学信息科学与技术学院','段福庆','教授',0,41,251,9,14,85.4,9.8,4.8,0,0,0,0,0),(184,'博士','北京师范大学信息科学与技术学院','郭小娟','教授',0,32,220,6,14,65.6,31.3,0,3.1,0,0,0,0),(185,'博士','北京师范大学信息科学与技术学院','邓擎琼','教授',0,3,18,2,0,0,0,0,0,0,0,0,0),(186,'博士','清华大学计算机科学与技术系','杨四刚','教授',0,69,348,8,17,59.4,29,11.6,0,0,0,0,0),(187,'博士','北京邮电大学计算机学院','杨俊','教授',0,13,39,3,6,0,0,0,0,0,0,0,0),(188,'博士','清华大学计算机科学与技术系','金德鹏','教授',0,253,1342,16,29,68,29.6,2.4,0,0,0,0,0),(189,'博士','北京邮电大学计算机学院','袁彩霞','教授',0,7,6,2,2,71.4,28.6,0,0,0,0,0,0),(190,'博士','清华大学计算机科学与技术系','章毓晋','教授',0,322,8134,48,82,78.6,16.8,4.6,0,0,0,0,0),(191,'博士','北京邮电大学计算机学院','王励成','教授',0,53,197,8,12,77.4,17,3.8,1.8,0,0,0,0),(192,'博士','清华大学计算机科学与技术系','刘勇攀','教授',0,28,100,6,8,50,39.3,10.7,0,0,0,0,0),(193,'博士','北京邮电大学计算机学院','徐国爱','教授',0,80,475,13,18,60,37.5,1.3,1.2,0,0,0,0),(194,'博士','清华大学计算机科学与技术系','杨健','教授',0,143,698,13,23,76.2,22.4,0.7,0.7,0,0,0,0),(195,'博士','北京邮电大学计算机学院','李剑','教授',0,66,563,11,22,80.3,12.1,3,4.6,0,0,0,0),(196,'博士','清华大学计算机科学与技术系','黄翊东','教授',0,157,939,18,25,72,21.7,6.3,0,0,0,0,0),(197,'博士','北京邮电大学计算机学院','鄂海红','教授',0,17,19,3,3,94.1,0,0,5.9,0,0,0,0),(198,'博士','清华大学计算机科学与技术系','张志军','教授',0,25,134,8,10,92,8,0,0,0,0,0,0),(199,'博士','北京邮电大学计算机学院','牛少彰','教授',0,96,708,12,25,72.9,27.1,0,0,0,0,0,0),(200,'博士','清华大学计算机科学与技术系','汤俊','教授',0,135,573,12,20,64.4,28.9,0.7,6,0,0,0,0),(201,'博士','北京邮电大学计算机学院','周亚建','教授',0,84,261,9,13,73.8,25,1.2,0,0,0,0,0),(202,'博士','清华大学计算机科学与技术系','陈健生','教授',0,5,11,2,3,0,0,0,0,0,0,0,0),(203,'博士','北京师范大学信息科学与技术学院','樊亚春','教授',0,27,152,7,12,66.7,29.6,0,3.7,0,0,0,0),(204,'博士','北京师范大学信息科学与技术学院','林定移','教授',0,6,10,2,2,83.3,0,0,16.7,0,0,0,0),(205,'博士','北京师范大学信息科学与技术学院','税午阳','教授',0,23,53,5,7,56.5,39.1,4.4,0,0,0,0,0),(206,'博士','中国科学院计算技术研究所','张玉军','教授',0,92,637,15,21,75,20.7,1.1,3.2,0,0,0,0),(207,'博士','北京师范大学信息科学与技术学院','曾文艺','教授',0,69,721,14,24,87,13,0,0,0,0,0,0),(208,'博士','中国科学院计算技术研究所','胡伟武','教授',0,140,1270,19,31,70.7,24.3,2.1,2.9,0,0,0,0),(209,'博士','北京邮电大学计算机学院','于艳华','教授',0,17,62,5,7,64.7,29.4,5.9,0,0,0,0,0),(210,'博士','中国科学院计算技术研究所','何清','教授',0,131,1210,20,30,61.1,25.2,12.2,1.5,0,0,0,0),(211,'博士','中国科学院计算技术研究所','孙瑞祥','教授',0,31,407,10,20,74.2,25.8,0,0,0,0,0,0),(212,'博士','北京邮电大学计算机学院','芦效峰','教授',0,11,12,2,3,0,0,0,0,0,0,0,0),(213,'博士','中国科学院计算技术研究所','张国清','教授',0,91,1156,15,33,79.1,14.3,2.2,4.4,0,0,0,0),(214,'博士','北京邮电大学计算机学院','王柏','教授',0,178,1228,18,29,53.9,37.6,6.7,1.8,0,0,0,0),(215,'博士','中国科学院计算技术研究所','叶剑','教授',0,47,180,7,12,48.9,48.9,2.2,0,0,0,0,0),(216,'博士','中国科学院计算技术研究所','廖华明','教授',0,10,238,7,0,80,10,10,0,0,0,0,0),(217,'博士','北京科技大学自动化学院','高海','教授',0,22,53,4,6,72.7,22.7,4.6,0,0,0,0,0),(218,'博士','中国科学院计算技术研究所','姜文斌','教授',0,47,680,6,26,63.8,34,0,2.2,0,0,0,0),(219,'博士','北京科技大学自动化学院','王玲','教授',0,25,248,7,15,68,32,0,0,0,0,0,0),(220,'博士','中国科学院计算技术研究所','陈冰冰','教授',0,10,67,4,8,80,10,0,10,0,0,0,0),(221,'博士','北京科技大学自动化学院','杨卫东','教授',0,98,493,12,18,83.7,15.3,1,0,0,0,0,0),(222,'博士','北京科技大学自动化学院','孙昌国','教授',0,21,185,6,13,81,19,0,0,0,0,0,0),(223,'博士','中国科学院计算技术研究所','谢高岗','教授',0,193,2077,24,35,70.5,24.4,3.1,2,0,0,0,0),(224,'博士','北京师范大学信息科学与技术学院','赵锦红','教授',0,29,95,5,9,93.1,6.9,0,0,0,0,0,0),(225,'博士','北京科技大学自动化学院','景鹏','教授',0,13,7,2,2,84.6,15.4,0,0,0,0,0,0),(226,'博士','北京邮电大学计算机学院','郭燕慧','教授',0,49,182,7,12,44.9,51,2,2.1,0,0,0,0),(227,'博士','北京邮电大学计算机学院','刘建毅','教授',0,75,358,11,17,49.3,45.3,4,1.4,0,0,0,0),(228,'博士','北京邮电大学计算机学院','李蕾','教授',0,73,584,10,22,43.8,26,1.4,28.8,0,0,0,0),(229,'博士','北京邮电大学计算机学院','姚文斌','教授',0,28,118,5,10,78.6,17.9,0,3.5,0,0,0,0),(230,'博士','北京邮电大学计算机学院','张玉洁','教授',0,89,433,10,19,69.7,9,5.6,15.7,0,0,0,0),(231,'博士','北京邮电大学计算机学院','钮心忻','教授',0,337,3788,30,53,69.4,28.5,1.2,0.9,0,0,0,0),(232,'博士','北京邮电大学计算机学院','张冬梅','教授',0,23,23,2,4,34.8,65.2,0,0,0,0,0,0),(233,'博士','北京科技大学自动化学院','蓝金辉','教授',0,26,99,6,9,65.4,34.6,0,0,0,0,0,0),(234,'博士','北京科技大学自动化学院','李希胜','教授',0,44,255,9,14,77.3,20.5,2.2,0,0,0,0,0),(235,'博士','北京科技大学自动化学院','陈旭','教授',0,11,57,4,7,0,0,0,0,0,0,0,0),(236,'博士','北京科技大学自动化学院','王新平','教授',0,5,68,0,0,80,20,0,0,0,0,0,0),(237,'博士','北京科技大学自动化学院','阎群','教授',0,15,22,3,4,80,20,0,0,0,0,0,0),(238,'博士','北京科技大学自动化学院','吴华怡','教授',0,5,10,2,3,80,20,0,0,0,0,0,0),(239,'博士','北京科技大学自动化学院','赵宝永','教授',0,9,25,2,5,33.3,66.7,0,0,0,0,0,0),(240,'博士','北京科技大学自动化学院','董冀媛','教授',0,12,68,5,8,83.3,16.7,0,0,0,0,0,0),(241,'博士','北京科技大学自动化学院','徐银梅','教授',0,20,46,3,6,65,35,0,0,0,0,0,0),(242,'博士','北京科技大学自动化学院','刘磊明','教授',0,8,137,5,0,0,0,0,0,0,0,0,0),(243,'博士','北京邮电大学计算机学院','孙斌','教授',0,15,24,3,4,60,40,0,0,0,0,0,0),(244,'博士','北京邮电大学计算机学院','崔宝江','教授',0,51,68,5,6,58.8,39.2,2,0,0,0,0,0),(245,'博士','北京邮电大学计算机学院','方滨兴','教授',0,15,243,7,0,0,0,0,0,0,0,0,0),(246,'博士','北京邮电大学计算机学院','明安龙','教授',0,7,105,4,0,71.4,0,0,28.6,0,0,0,0),(247,'博士','北京邮电大学计算机学院','詹榜华','教授',0,16,427,5,0,0,0,0,0,0,0,0,0),(248,'博士','北京邮电大学计算机学院','马华东','教授',0,95,1248,15,34,64.2,31.6,4.2,0,0,0,0,0),(249,'博士','北京邮电大学计算机学院','胡正名','教授',0,205,1407,19,26,86.8,12.7,0,0.5,0,0,0,0),(250,'博士','北京邮电大学计算机学院','许成谦','教授',0,15,59,5,7,86.7,13.3,0,0,0,0,0,0),(251,'博士','北京邮电大学计算机学院','戴志涛','教授',0,6,17,2,4,83.3,0,0,16.7,0,0,0,0),(252,'博士','北京邮电大学计算机学院','谷勇浩','教授',0,13,35,4,5,46.2,38.5,0,15.3,0,0,0,0),(253,'博士','北京科技大学自动化学院','李晓理','教授',0,90,704,14,23,70,28.9,0,1.1,0,0,0,0),(254,'博士','北京科技大学自动化学院','侯庆文','教授',0,35,149,8,11,74.3,22.9,2.8,0,0,0,0,0),(255,'博士','北京邮电大学计算机学院','杨旭东','教授',0,8,14,1,3,75,25,0,0,0,0,0,0),(256,'博士','北京科技大学自动化学院','刘冀伟','教授',0,99,803,17,24,80.8,18.2,1,0,0,0,0,0),(257,'博士','北京科技大学自动化学院','李江昀','教授',0,22,97,5,9,90.9,9.1,0,0,0,0,0,0),(258,'博士','北京科技大学自动化学院','石中锁','教授',0,46,369,10,18,56.5,43.5,0,0,0,0,0,0),(259,'博士','北京科技大学自动化学院','马超','教授',0,6,25,3,5,66.7,33.3,0,0,0,0,0,0),(260,'博士','北京科技大学自动化学院','崔家瑞','教授',0,11,7,1,2,0,0,0,0,0,0,0,0),(261,'博士','北京科技大学自动化学院','张朝晖','教授',0,12,98,3,9,83.3,16.7,0,0,0,0,0,0),(262,'博士','北京科技大学自动化学院','李擎','教授',0,203,1886,18,40,71.9,25.6,2,0.5,0,0,0,0),(263,'博士','北京科技大学自动化学院','尤佳','教授',0,11,49,3,7,81.8,18.2,0,0,0,0,0,0),(264,'博士','北京邮电大学计算机学院','蒋砚军','教授',0,9,21,3,4,0,0,0,0,0,0,0,0),(265,'博士','北京邮电大学计算机学院','刘亮','教授',0,12,253,6,0,83.3,0,0,16.7,0,0,0,0),(266,'博士','北京邮电大学计算机学院','方维','教授',0,13,113,5,10,84.6,15.4,0,0,0,0,0,0),(267,'博士','北京邮电大学计算机学院','张雷','教授',0,51,964,17,30,74.5,9.8,2,13.7,0,0,0,0),(268,'博士','北京邮电大学计算机学院','左兴权','教授',0,7,14,2,3,71.4,28.6,0,0,0,0,0,0),(269,'博士','北京邮电大学计算机学院','孟祥武','教授',0,129,932,15,26,70.5,25.6,3.1,0.8,0,0,0,0),(270,'博士','北京邮电大学计算机学院','潘维民','教授',0,6,34,2,5,83.3,0,0,16.7,0,0,0,0),(271,'博士','北京邮电大学计算机学院','王春露','教授',0,45,158,7,9,77.8,20,0,2.2,0,0,0,0),(272,'博士','北京邮电大学计算机学院','吴斌','教授',0,175,2988,20,53,52,38.3,7.4,2.3,0,0,0,0),(273,'博士','北京信息科技大学计算机学院','秦奕青','教授',0,21,233,8,15,85.7,14.3,0,0,0,0,0,0),(274,'博士','北京信息科技大学计算机学院','李宁','教授',0,75,261,9,14,80,18.7,0,1.3,0,0,0,0),(275,'博士','北京信息科技大学计算机学院','刘城霞','教授',0,17,12,2,2,82.4,17.6,0,0,0,0,0,0),(276,'博士','北京信息科技大学计算机学院','蔡英','教授',0,29,41,4,4,72.4,24.1,3.5,0,0,0,0,0),(277,'博士','北京信息科技大学计算机学院','张仰森','教授',0,85,532,12,20,89.4,9.4,0,1.2,0,0,0,0),(278,'博士','北京信息科技大学计算机学院','李卓','教授',0,71,459,9,20,90.1,7,2.9,0,0,0,0,0),(279,'博士','北京信息科技大学计算机学院','郑丽伟','教授',0,20,106,6,10,70,30,0,0,0,0,0,0),(280,'博士','北京信息科技大学计算机学院','刘旭红','教授',0,31,241,8,15,87.1,9.7,3.2,0,0,0,0,0),(281,'博士','北京师范大学信息科学与技术学院','张立保','教授',0,68,378,11,16,82.4,17.6,0,0,0,0,0,0),(282,'博士','北京信息科技大学计算机学院','刘雪飞','教授',0,57,738,10,27,77.2,15.8,3.5,3.5,0,0,0,0),(283,'博士','北京师范大学信息科学与技术学院','宋继华','教授',0,56,298,8,14,94.6,3.6,1.8,0,0,0,0,0),(284,'博士','北京信息科技大学计算机学院','李淑琴','教授',0,55,96,5,8,96.4,1.8,0,1.8,0,0,0,0),(285,'博士','北京师范大学信息科学与技术学院','周明全','教授',0,639,5001,30,48,78.6,18.3,2.3,0.8,0,0,0,0),(286,'博士','北京师范大学信息科学与技术学院','杨学玉','教授',0,9,36,2,6,0,0,0,0,0,0,0,0),(287,'博士','北京师范大学信息科学与技术学院','肖永康','教授',0,22,129,6,11,68.2,27.3,0,4.5,0,0,0,0),(288,'博士','北京师范大学信息科学与技术学院','徐鹏飞','教授',0,9,29,3,4,88.9,11.1,0,0,0,0,0,0),(289,'博士','北京师范大学信息科学与技术学院','魏云刚','教授',0,9,46,2,6,0,0,0,0,0,0,0,0),(290,'博士','北京师范大学信息科学与技术学院','朱小明','教授',0,20,117,6,10,90,10,0,0,0,0,0,0),(291,'博士','北京师范大学信息科学与技术学院','赵小杰','教授',0,22,74,6,7,72.7,18.2,4.5,4.6,0,0,0,0),(292,'博士','北京师范大学信息科学与技术学院','张家才','教授',0,4,7,1,2,25,75,0,0,0,0,0,0),(293,'博士','北京信息科技大学计算机学院','冯雪','教授',0,6,33,2,5,0,0,0,0,0,0,0,0),(294,'博士','北京信息科技大学计算机学院','张伟','教授',0,5,6,2,2,80,20,0,0,0,0,0,0),(295,'博士','北京信息科技大学计算机学院','焦健','教授',0,29,50,3,6,79.3,20.7,0,0,0,0,0,0),(296,'博士','北京信息科技大学计算机学院','牛欣源','教授',0,4,10,2,3,0,0,0,0,0,0,0,0),(297,'博士','北京信息科技大学计算机学院','郝保水','教授',0,11,11,2,3,0,0,0,0,0,0,0,0),(298,'博士','北京信息科技大学计算机学院','张志华','教授',0,23,107,6,10,91.3,4.3,0,4.4,0,0,0,0),(299,'博士','北京信息科技大学计算机学院','牟永敏','教授',0,40,191,7,13,0,0,0,0,0,0,0,0),(300,'博士','北京信息科技大学计算机学院','张红','教授',0,11,100,5,10,81.8,9.1,0,9.1,0,0,0,0),(301,'博士','北京信息科技大学计算机学院','施运梅','教授',0,22,110,5,10,86.4,9.1,4.5,0,0,0,0,0),(302,'博士','北京信息科技大学计算机学院','侯霞','教授',0,38,93,7,8,73.7,21.1,5.2,0,0,0,0,0),(303,'博士','北京信息科技大学计算机学院','刘均梅','教授',0,6,11,3,3,0,0,0,0,0,0,0,0),(304,'博士','北京交通大学电子信息工程学院','尹逊和','教授',0,39,289,10,16,76.9,20.5,2.6,0,0,0,0,0),(305,'博士','北京信息科技大学计算机学院','申闫春','教授',0,56,325,7,16,96.4,3.6,0,0,0,0,0,0),(306,'博士','北京交通大学电子信息工程学院','张三同','教授',0,25,140,7,10,84,12,0,4,0,0,0,0),(307,'博士','中国科学院软件研究所','吴文玲','教授',0,144,1298,17,30,79.2,4.2,15.3,1.3,0,0,0,0),(308,'博士','北京交通大学电子信息工程学院','蒋文怡','教授',0,40,243,7,15,75,25,0,0,0,0,0,0),(309,'博士','中国科学院软件研究所','张健','教授',0,26,55,5,6,57.7,38.5,0,3.8,0,0,0,0),(310,'博士','北京交通大学电子信息工程学院','李赵红','教授',0,28,244,8,14,85.7,10.7,0,3.6,0,0,0,0),(311,'博士','北京信息科技大学计算机学院','单晴雯','教授',0,4,15,2,3,0,0,0,0,0,0,0,0),(312,'博士','北京交通大学电子信息工程学院','吴昊','教授',0,75,336,9,16,68,25.3,1.3,5.4,0,0,0,0),(313,'博士','北京信息科技大学计算机学院','田英爱','教授',0,27,73,5,7,81.5,14.8,3.7,0,0,0,0,0),(314,'博士','北京信息科技大学计算机学院','沈美娥','教授',0,24,109,5,9,75,16.7,4.2,4.1,0,0,0,0),(315,'博士','北京交通大学电子信息工程学院','张波','教授',0,11,39,4,6,63.6,9.1,0,27.3,0,0,0,0),(316,'博士','北京信息科技大学计算机学院','何玉洁','教授',0,5,12,2,3,0,0,0,0,0,0,0,0),(317,'博士','北京交通大学电子信息工程学院','任国斌','教授',0,88,1132,17,31,95.5,3.4,1.1,0,0,0,0,0),(318,'博士','北京信息科技大学计算机学院','范艳芳','教授',0,9,27,2,5,77.8,11.1,0,11.1,0,0,0,0),(319,'博士','北京信息科技大学计算机学院','侯凌燕','教授',0,13,38,3,6,0,0,0,0,0,0,0,0),(320,'博士','北京交通大学电子信息工程学院','王俊','教授',0,14,73,4,8,85.7,0,0,14.3,0,0,0,0),(321,'博士','北京交通大学电子信息工程学院','董平','教授',0,25,220,7,14,92,0,0,8,0,0,0,0),(322,'博士','北京交通大学电子信息工程学院','任文华','教授',0,34,163,9,11,76.5,17.6,2.9,3,0,0,0,0),(323,'博士','中国科学院软件研究所','吴鹏','教授',0,5,46,4,0,60,0,0,40,0,0,0,0),(324,'博士','中国科学院软件研究所','吴敬征','教授',0,6,42,3,0,66.7,16.7,0,16.6,0,0,0,0),(325,'博士','中国科学院软件研究所','李广元','教授',0,8,81,4,0,87.5,0,0,12.5,0,0,0,0),(326,'博士','中国科学院软件研究所','吴志林','教授',0,5,61,2,0,60,40,0,0,0,0,0,0),(327,'博士','中国科学院软件研究所','严俊','教授',0,6,101,3,0,83.3,16.7,0,0,0,0,0,0),(328,'博士','中国科学院软件研究所','田丰','教授',0,70,650,16,24,60,30,7.1,2.9,0,0,0,0),(329,'博士','中国科学院软件研究所','韩先培','教授',0,10,59,6,7,60,40,0,0,0,0,0,0),(330,'博士','中国科学院软件研究所','张振峰','教授',0,30,755,13,27,76.7,3.3,20,0,0,0,0,0),(331,'博士','中国科学院软件研究所','张敏','教授',0,47,1287,11,35,70.2,25.5,2.1,2.2,0,0,0,0),(332,'博士','中国科学院软件研究所','左春','教授',0,82,897,16,27,91.5,4.9,1.2,2.4,0,0,0,0),(333,'博士','中国科学院软件研究所','韩永生','教授',0,79,1273,18,34,83.5,15.2,0,1.3,0,0,0,0),(334,'博士','中国科学院软件研究所','淮晓永','教授',0,29,347,13,18,69,31,0,0,0,0,0,0),(335,'博士','中国科学院软件研究所','冯登国','教授',0,678,11602,47,89,78.5,14,6,1.5,0,0,0,0),(336,'博士','中国科学院软件研究所','金蓓弘','教授',0,151,1659,25,35,62.9,31.8,5.3,0,0,0,0,0),(337,'博士','中国科学院软件研究所','黄涛','教授',0,281,2299,22,41,77.2,14.9,3.6,4.3,0,0,0,0),(338,'博士','中国科学院软件研究所','林惠民','教授',0,47,518,10,22,0,0,0,0,0,0,0,0),(339,'博士','中国科学院软件研究所','乔颖','教授',0,22,255,7,15,50,36.4,9.1,4.5,0,0,0,0),(340,'博士','中国科学院软件研究所','曹建文','教授',0,58,145,6,10,84.5,13.8,0,1.7,0,0,0,0),(341,'博士','中国科学院软件研究所','郭亮','教授',0,2,0,0,0,0,50,0,50,0,0,0,0),(342,'博士','中国科学院软件研究所','吴健','教授',0,125,659,14,21,73.6,25.6,0,0.8,0,0,0,0),(343,'博士','北京邮电大学计算机学院','李文生','教授',0,4,47,3,0,0,0,0,0,0,0,0,0),(344,'博士','北京邮电大学计算机学院','魏更宇','教授',0,27,20,2,2,55.6,44.4,0,0,0,0,0,0),(345,'博士','北京科技大学计算机通信与工程学院','王成耀','教授',0,50,394,11,18,82,18,0,0,0,0,0,0),(346,'博士','北京邮电大学计算机学院','罗红','教授',0,57,488,9,21,86,14,0,0,0,0,0,0),(347,'博士','北京科技大学计算机通信与工程学院','董平','教授',0,35,171,7,12,88.6,11.4,0,0,0,0,0,0),(348,'博士','北京邮电大学计算机学院','张成文','教授',0,3,210,2,0,66.7,0,0,33.3,0,0,0,0),(349,'博士','北京交通大学电子信息工程学院','荆涛','教授',0,101,285,8,12,82.2,15.8,2,0,0,0,0,0),(350,'博士','北京邮电大学计算机学院','白中英','教授',0,41,269,8,15,90.2,9.8,0,0,0,0,0,0),(351,'博士','北京科技大学计算机通信与工程学院','李莉','教授',0,17,157,7,12,94.1,5.9,0,0,0,0,0,0),(352,'博士','北京邮电大学计算机学院','郭世泽','教授',0,24,61,4,6,41.7,54.2,4.1,0,0,0,0,0),(353,'博士','北京交通大学电子信息工程学院','陈德旺','教授',0,46,186,8,11,71.7,19.6,2.2,6.5,0,0,0,0),(354,'博士','北京交通大学电子信息工程学院','秦雅娟','教授',0,153,583,11,18,60.8,28.1,1.3,9.8,0,0,0,0),(355,'博士','北京交通大学电子信息工程学院','申艳','教授',0,22,38,4,4,81.8,9.1,0,9.1,0,0,0,0),(356,'博士','北京交通大学电子信息工程学院','魏淮','教授',0,95,677,14,21,85.3,11.6,3.1,0,0,0,0,0),(357,'博士','北京交通大学电子信息工程学院','熊菲','教授',0,26,327,8,18,84.6,11.5,0,3.9,0,0,0,0),(358,'博士','北京交通大学电子信息工程学院','王国栋','教授',0,32,180,8,12,90.6,6.3,0,3.1,0,0,0,0),(359,'博士','北京邮电大学计算机学院','张淼','教授',0,21,64,4,7,42.9,52.4,0,4.7,0,0,0,0),(360,'博士','北京邮电大学计算机学院','高占春','教授',0,4,7,2,2,0,0,0,0,0,0,0,0),(361,'博士','北京邮电大学计算机学院','朱洪亮','教授',0,24,32,4,5,62.5,29.2,0,8.3,0,0,0,0),(362,'博士','北京邮电大学计算机学院','徐塞虹','教授',0,14,47,4,6,64.3,35.7,0,0,0,0,0,0),(363,'博士','北京科技大学计算机通信与工程学院','陈红松','教授',0,23,151,6,12,73.9,26.1,0,0,0,0,0,0),(364,'博士','北京科技大学计算机通信与工程学院','黄旗明','教授',0,3,38,0,0,0,0,0,0,0,0,0,0),(365,'博士','北京科技大学计算机通信与工程学院','王忠民','教授',0,138,1051,18,27,86.2,12.3,0.7,0.8,0,0,0,0),(366,'博士','北京科技大学计算机通信与工程学院','石志国','教授',0,60,514,13,21,76.7,18.3,5,0,0,0,0,0),(367,'博士','北京科技大学计算机通信与工程学院','涂序彦','教授',0,458,2684,22,36,71.8,26,2.2,0,0,0,0,0),(368,'博士','北京科技大学计算机通信与工程学院','曾广平','教授',0,135,620,12,19,91.1,8.9,0,0,0,0,0,0),(369,'博士','北京科技大学计算机通信与工程学院','姚琳','教授',0,3,16,2,0,0,0,0,0,0,0,0,0),(370,'博士','北京科技大学计算机通信与工程学院','谢永红','教授',0,51,423,8,19,88.2,11.8,0,0,0,0,0,0),(371,'博士','北京科技大学计算机通信与工程学院','郑雪峰','教授',0,212,955,15,22,80.7,18.9,0.4,0,0,0,0,0),(372,'博士','北京科技大学计算机通信与工程学院','王宗杰','教授',0,28,134,6,10,78.6,14.3,7.1,0,0,0,0,0),(373,'博士','北京科技大学计算机通信与工程学院','王沁','教授',0,250,1378,18,29,74.4,22,2.8,0.8,0,0,0,0),(374,'博士','北京科技大学计算机通信与工程学院','韩伯涛','教授',0,4,36,3,0,0,0,0,0,0,0,0,0),(375,'博士','北京科技大学计算机通信与工程学院','刘欣','教授',0,8,11,3,3,75,25,0,0,0,0,0,0),(376,'博士','北京科技大学计算机通信与工程学院','洪源','教授',0,5,52,4,0,0,0,0,0,0,0,0,0),(377,'博士','北京科技大学计算机通信与工程学院','陈月云','教授',0,36,95,6,9,61.1,38.9,0,0,0,0,0,0),(378,'博士','北京科技大学计算机通信与工程学院','李建江','教授',0,46,294,8,16,76.1,17.4,6.5,0,0,0,0,0),(379,'博士','北京科技大学计算机通信与工程学院','姚宣霞','教授',0,27,112,5,8,85.2,14.8,0,0,0,0,0,0),(380,'博士','北京科技大学计算机通信与工程学院','孙义','教授',0,21,115,6,9,85.7,14.3,0,0,0,0,0,0),(381,'博士','北京科技大学计算机通信与工程学院','赵冲冲','教授',0,25,307,9,17,60,32,8,0,0,0,0,0),(382,'博士','北京科技大学计算机通信与工程学院','刘宏岚','教授',0,12,32,4,5,91.7,8.3,0,0,0,0,0,0),(383,'博士','北京科技大学计算机通信与工程学院','唐波','教授',0,27,88,6,8,70.4,25.9,0,3.7,0,0,0,0),(384,'博士','北京科技大学计算机通信与工程学院','安建伟','教授',0,14,40,3,6,78.6,21.4,0,0,0,0,0,0),(385,'博士','北京科技大学计算机通信与工程学院','王志良','教授',0,408,3125,27,38,72.8,23,3.7,0.5,0,0,0,0),(386,'博士','北京科技大学计算机通信与工程学院','殷绪成','教授',0,4,20,2,0,0,0,0,0,0,0,0,0),(387,'博士','北京科技大学计算机通信与工程学院','李扬','教授',0,11,34,3,5,45.5,45.5,0,9,0,0,0,0),(388,'博士','北京科技大学计算机通信与工程学院','李莎','教授',0,6,19,2,4,83.3,16.7,0,0,0,0,0,0),(389,'博士','北京科技大学计算机通信与工程学院','刘明','教授',0,35,95,6,8,71.4,28.6,0,0,0,0,0,0),(390,'博士','北京科技大学计算机通信与工程学院','杜利平','教授',0,5,10,1,3,80,20,0,0,0,0,0,0),(391,'博士','北京科技大学计算机通信与工程学院','付洪威','教授',0,6,17,1,4,33.3,66.7,0,0,0,0,0,0),(392,'博士','北京科技大学计算机通信与工程学院','彭云峰','教授',0,14,64,5,7,71.4,7.1,0,21.5,0,0,0,0),(393,'博士','北京科技大学计算机通信与工程学院','杨炳儒','教授',0,478,4360,31,47,83.5,14.9,1.3,0.3,0,0,0,0),(394,'博士','北京科技大学计算机通信与工程学院','杨扬','教授',0,462,7945,34,82,75.3,19.7,3.2,1.8,0,0,0,0),(395,'博士','北京科技大学计算机通信与工程学院','王洪泊','教授',0,20,90,6,9,75,25,0,0,0,0,0,0),(396,'博士','北京科技大学计算机通信与工程学院','解仑','教授',0,56,304,11,15,87.5,12.5,0,0,0,0,0,0),(397,'博士','北京科技大学计算机通信与工程学院','周芳','教授',0,12,24,3,4,91.7,8.3,0,0,0,0,0,0),(398,'博士','北京科技大学计算机通信与工程学院','胡长军','教授',0,128,524,11,18,71.9,19.5,6.3,2.3,0,0,0,0),(399,'博士','北京科技大学计算机通信与工程学院','张桃红','教授',0,14,80,5,8,92.9,7.1,0,0,0,0,0,0),(400,'博士','北京科技大学计算机通信与工程学院','王丽娜','教授',0,27,228,8,14,96.3,3.7,0,0,0,0,0,0),(401,'博士','北京科技大学计算机通信与工程学院','郝红卫','教授',0,28,307,10,17,78.6,21.4,0,0,0,0,0,0),(402,'博士','北京科技大学计算机通信与工程学院','屈微','教授',0,8,43,4,6,75,25,0,0,0,0,0,0),(403,'博士','北京信息科技大学计算机学院','黄改娟','教授',0,5,20,3,4,80,20,0,0,0,0,0,0),(404,'博士','北京信息科技大学计算机学院','夏红科','教授',0,14,34,3,5,78.6,21.4,0,0,0,0,0,0),(405,'博士','北京信息科技大学计算机学院','梁琦','教授',0,14,35,3,5,71.4,28.6,0,0,0,0,0,0),(406,'博士','北京信息科技大学计算机学院','杨菁','教授',0,12,41,3,6,91.7,8.3,0,0,0,0,0,0),(407,'博士','北京信息科技大学计算机学院','岳清','教授',0,7,23,2,4,0,0,0,0,0,0,0,0),(408,'博士','北京信息科技大学计算机学院','王铁峰','教授',0,5,10,2,3,0,0,0,0,0,0,0,0),(409,'博士','北京信息科技大学计算机学院','殷旭','教授',0,22,160,7,12,86.4,13.6,0,0,0,0,0,0),(410,'博士','北京信息科技大学计算机学院','彭克勤','教授',0,5,18,2,4,0,0,0,0,0,0,0,0),(411,'博士','中国科学院自动化研究所','杨青','教授',0,6,48,2,0,50,16.7,0,33.3,0,0,0,0),(412,'博士','中国科学院自动化研究所','易建强','教授',0,260,2210,23,36,48.8,48.8,2.4,0,0,0,0,0),(413,'博士','中国科学院自动化研究所','刘德荣','教授',0,14,125,5,11,92.9,7.1,0,0,0,0,0,0),(414,'博士','中国科学院自动化研究所','李和平','教授',0,11,139,5,0,63.6,27.3,9.1,0,0,0,0,0),(415,'博士','中国科学院自动化研究所','黄凯奇','教授',0,7,15,3,3,0,0,0,0,0,0,0,0),(416,'博士','中国科学院自动化研究所','董秋雷','教授',0,2,9,1,0,0,0,0,0,0,0,0,0),(417,'博士','中国科学院自动化研究所','蒋田仔','教授',0,63,373,9,17,66.7,33.3,0,0,0,0,0,0),(418,'博士','北京邮电大学计算机学院','杜军平','教授',0,168,482,10,13,58.3,39.3,2.4,0,0,0,0,0),(419,'博士','中国科学院自动化研究所','史亚莉','教授',0,3,13,2,0,66.7,0,0,33.3,0,0,0,0),(420,'博士','北京邮电大学计算机学院','周延泉','教授',0,38,125,7,9,44.7,52.6,2.7,0,0,0,0,0),(421,'博士','中国科学院自动化研究所','张树武','教授',0,80,376,11,17,38.8,57.5,2.5,1.2,0,0,0,0),(422,'博士','中国科学院自动化研究所','王春恒','教授',0,53,180,7,10,54.7,37.7,3.8,3.8,0,0,0,0),(423,'博士','北京交通大学计算机与信息技术学院','郎丛妍','教授',0,5,38,3,0,80,20,0,0,0,0,0,0),(424,'博士','北京交通大学计算机与信息技术学院','李瑞','教授',0,4,22,3,0,75,0,0,25,0,0,0,0),(425,'博士','北京交通大学计算机与信息技术学院','黎妹红','教授',0,13,9,2,2,84.6,15.4,0,0,0,0,0,0),(426,'博士','北京交通大学计算机与信息技术学院','黄惠芳','教授',0,6,151,3,0,0,0,0,0,0,0,0,0),(427,'博士','北京交通大学计算机与信息技术学院','瞿有利','教授',0,39,366,7,18,76.9,23.1,0,0,0,0,0,0),(428,'博士','北京交通大学计算机与信息技术学院','金一','教授',0,10,77,6,8,80,10,0,10,0,0,0,0),(429,'博士','北京交通大学计算机与信息技术学院','胡九川','教授',0,18,38,4,5,55.6,44.4,0,0,0,0,0,0),(430,'博士','北京交通大学计算机与信息技术学院','黄雅平','教授',0,52,206,7,13,59.6,38.5,1.9,0,0,0,0,0),(431,'博士','中国科学院自动化研究所','乔红','教授',0,4,37,2,0,0,0,0,0,0,0,0,0),(432,'博士','中国科学院自动化研究所','李子青','教授',0,11,101,4,10,0,0,0,0,0,0,0,0),(433,'博士','中国科学院自动化研究所','李学恩','教授',0,6,43,5,0,0,0,0,0,0,0,0,0),(434,'博士','中国科学院自动化研究所','张文生','教授',0,90,459,11,18,73.3,20,1.1,5.6,0,0,0,0),(435,'博士','中国科学院自动化研究所','王硕','教授',0,108,1453,20,36,64.8,27.8,4.6,2.8,0,0,0,0),(436,'博士','中国科学院自动化研究所','梁自泽','教授',0,70,797,14,27,54.3,38.6,4.3,2.8,0,0,0,0),(437,'博士','中国科学院自动化研究所','毛文吉','教授',0,13,57,5,7,92.3,7.7,0,0,0,0,0,0),(438,'博士','中国科学院自动化研究所','黄向生','教授',0,23,233,8,15,69.6,17.4,4.3,8.7,0,0,0,0),(439,'博士','中国科学院自动化研究所','何晖光','教授',0,46,686,10,26,60.9,28.3,10.8,0,0,0,0,0),(440,'博士','中国科学院自动化研究所','王欣刚','教授',0,4,33,2,0,0,0,0,0,0,0,0,0),(441,'博士','中国科学院自动化研究所','侯新文','教授',0,4,22,3,0,75,25,0,0,0,0,0,0),(442,'博士','中国科学院自动化研究所','李秋丹','教授',0,8,33,3,5,0,0,0,0,0,0,0,0),(443,'博士','中国科学院自动化研究所','罗杨宇','教授',0,33,102,7,8,63.6,33.3,0,3.1,0,0,0,0),(444,'博士','中国科学院自动化研究所','李恩','教授',0,50,202,8,12,52,38,6,4,0,0,0,0),(445,'博士','中国科学院自动化研究所','曾智','教授',0,4,11,2,3,75,25,0,0,0,0,0,0),(446,'博士','中国科学院自动化研究所','马颂德','教授',0,137,4371,26,64,60.6,32.8,6.6,0,0,0,0,0),(447,'博士','北京交通大学电子信息工程学院','李鹏','教授',0,25,85,5,7,52,12,0,36,0,0,0,0),(448,'博士','中国科学院自动化研究所','关强','教授',0,11,24,3,4,63.6,36.4,0,0,0,0,0,0),(449,'博士','北京交通大学电子信息工程学院','姚畅','教授',0,43,265,9,14,79.1,16.3,0,4.6,0,0,0,0),(450,'博士','中国科学院自动化研究所','赵军','教授',0,91,1418,20,35,50.5,38.5,8.8,2.2,0,0,0,0),(451,'博士','中国科学院自动化研究所','蒿杰','教授',0,7,15,3,3,85.7,0,0,14.3,0,0,0,0),(452,'博士','北京交通大学电子信息工程学院','杨焱','教授',0,25,34,4,4,80,20,0,0,0,0,0,0),(453,'博士','北京交通大学电子信息工程学院','张立军','教授',0,55,587,12,23,65.5,29.1,3.6,1.8,0,0,0,0),(454,'博士','北京交通大学电子信息工程学院','于振宇','教授',0,8,66,4,0,75,12.5,0,12.5,0,0,0,0),(455,'博士','中国科学院自动化研究所','何文浩','教授',0,5,44,2,0,80,0,0,20,0,0,0,0),(456,'博士','北京交通大学电子信息工程学院','闻映红','教授',0,60,137,6,9,70,25,3.3,1.7,0,0,0,0),(457,'博士','北京交通大学电子信息工程学院','吕继东','教授',0,19,101,6,10,89.5,5.3,0,5.2,0,0,0,0),(458,'博士','北京交通大学电子信息工程学院','杨冬','教授',0,65,456,12,20,67.7,18.5,1.5,12.3,0,0,0,0),(459,'博士','北京交通大学电子信息工程学院','谭中伟','教授',0,123,576,12,15,87.8,9.8,2.4,0,0,0,0,0),(460,'博士','北京交通大学电子信息工程学院','张建勇','教授',0,16,18,3,3,81.3,12.5,6.2,0,0,0,0,0),(461,'博士','北京邮电大学软件学院','刘知青','教授',0,8,5,2,2,62.5,37.5,0,0,0,0,0,0),(462,'博士','中国科学院自动化研究所','宗成庆','教授',0,114,717,15,19,62.3,35.1,1.8,0.8,0,0,0,0),(463,'博士','北京邮电大学软件学院','李朝晖','教授',0,4,12,2,3,75,0,0,25,0,0,0,0),(464,'博士','中国科学院自动化研究所','郑晓龙','教授',0,39,307,10,16,69.2,17.9,12.9,0,0,0,0,0),(465,'博士','北京邮电大学软件学院','袁玉宇','教授',0,21,105,6,9,0,0,0,0,0,0,0,0),(466,'博士','北京邮电大学软件学院','吴国仕','教授',0,7,37,2,6,71.4,28.6,0,0,0,0,0,0),(467,'博士','中国科学院自动化研究所','刘迎建','教授',0,22,389,7,19,50,50,0,0,0,0,0,0),(468,'博士','清华大学自动化系','王焕钢','教授',0,29,409,9,20,55.2,44.8,0,0,0,0,0,0),(469,'博士','中国科学院自动化研究所','李书晓','教授',0,6,25,2,5,0,0,0,0,0,0,0,0),(470,'博士','清华大学自动化系','张长水','教授',0,57,2116,16,46,73.7,22.8,3.5,0,0,0,0,0),(471,'博士','中国科学院自动化研究所','原魁','教授',0,166,1649,21,35,49.4,46.4,3.6,0.6,0,0,0,0),(472,'博士','清华大学自动化系','李衍达','教授',0,366,7112,40,76,74.6,24,0.8,0.6,0,0,0,0),(473,'博士','中国科学院自动化研究所','张晓鹏','教授',0,65,450,9,20,63.1,24.6,6.2,6.1,0,0,0,0),(474,'博士','清华大学自动化系','宋士吉','教授',0,58,1072,15,32,75.9,20.7,3.4,0,0,0,0,0),(475,'博士','中国科学院自动化研究所','喻俊志','教授',0,105,1301,17,33,52.4,43.8,3.8,0,0,0,0,0),(476,'博士','中国科学院自动化研究所','周晓旭','教授',0,5,14,3,3,60,40,0,0,0,0,0,0),(477,'博士','中国科学院自动化研究所','李泽飞','教授',0,9,37,4,6,88.9,11.1,0,0,0,0,0,0),(478,'博士','中国科学院自动化研究所','谭民','教授',0,551,8633,39,78,60.6,32.1,6,1.3,0,0,0,0),(479,'博士','中国科学院自动化研究所','马鸿','教授',0,7,2,1,1,0,0,0,0,0,0,0,0),(480,'博士','中国科学院自动化研究所','张峰','教授',0,6,46,3,0,83.3,16.7,0,0,0,0,0,0),(481,'博士','中国科学院自动化研究所','姜洪臣','教授',0,17,73,5,8,41.2,52.9,0,5.9,0,0,0,0),(482,'博士','中国科学院自动化研究所','常红星','教授',0,33,261,7,16,57.6,39.4,0,3,0,0,0,0),(483,'博士','北京邮电大学软件学院','夏亚梅','教授',0,6,82,3,0,0,0,0,0,0,0,0,0),(484,'博士','北京邮电大学软件学院','崔毅东','教授',0,53,195,8,11,66,28.3,0,5.7,0,0,0,0),(485,'博士','中国科学院自动化研究所','戴汝为','教授',0,270,7003,40,78,74.4,24.4,1.2,0,0,0,0,0),(486,'博士','北京交通大学电子信息工程学院','侯忠生','教授',0,147,1282,18,33,59.9,38.8,0.7,0.6,0,0,0,0),(487,'博士','中国科学院自动化研究所','马增良','教授',0,30,233,7,15,63.3,36.7,0,0,0,0,0,0),(488,'博士','北京交通大学电子信息工程学院','高岩','教授',0,11,26,4,4,90.9,9.1,0,0,0,0,0,0),(489,'博士','北京交通大学电子信息工程学院','高德云','教授',0,102,467,10,18,59.8,33.3,6.9,0,0,0,0,0),(490,'博士','北京交通大学电子信息工程学院','马庆龙','教授',0,4,26,2,0,75,0,0,25,0,0,0,0),(491,'博士','中国科学院自动化研究所','徐常胜','教授',0,172,1206,19,30,54.1,39.5,5.8,0.6,0,0,0,0),(492,'博士','北京交通大学计算机与信息技术学院','侯亚欣','教授',0,3,9,2,0,66.7,33.3,0,0,0,0,0,0),(493,'博士','中国科学院自动化研究所','曹志冬','教授',0,36,374,12,18,86.1,11.1,2.8,0,0,0,0,0),(494,'博士','北京交通大学计算机与信息技术学院','景丽萍','教授',0,19,25,3,4,89.5,0,0,10.5,0,0,0,0),(495,'博士','中国科学院自动化研究所','赵冬斌','教授',0,188,2350,26,40,53.7,42.6,3.7,0,0,0,0,0),(496,'博士','北京交通大学计算机与信息技术学院','丁丁','教授',0,9,30,3,5,0,0,0,0,0,0,0,0),(497,'博士','中国科学院自动化研究所','高伟','教授',0,12,99,4,9,83.3,8.3,0,8.4,0,0,0,0),(498,'博士','北京交通大学电子信息工程学院','穆海冰','教授',0,15,115,3,10,80,13.3,0,6.7,0,0,0,0),(499,'博士','北京交通大学计算机与信息技术学院','何永忠','教授',0,32,286,8,16,84.4,15.6,0,0,0,0,0,0),(500,'博士','北京交通大学电子信息工程学院','马连川','教授',0,41,227,8,14,95.1,2.4,0,2.5,0,0,0,0),(501,'博士','北京交通大学计算机与信息技术学院','姜文红','教授',0,8,4,1,1,87.5,12.5,0,0,0,0,0,0),(502,'博士','北京交通大学计算机与信息技术学院','杜晔','教授',0,37,97,4,8,64.9,29.7,2.7,2.7,0,0,0,0),(503,'博士','北京交通大学计算机与信息技术学院','艾丽华','教授',0,11,30,3,5,81.8,18.2,0,0,0,0,0,0),(504,'博士','北京邮电大学软件学院','牛琨','教授',0,18,97,4,9,77.8,16.7,0,5.5,0,0,0,0),(505,'博士','北京交通大学计算机与信息技术学院','樊崇艺','教授',0,6,28,3,5,0,0,0,0,0,0,0,0),(506,'博士','北京交通大学电子信息工程学院','高海林','教授',0,6,20,2,4,50,50,0,0,0,0,0,0),(507,'博士','北京交通大学电子信息工程学院','李铮','教授',0,6,11,2,3,83.3,0,0,16.7,0,0,0,0),(508,'博士','北京交通大学电子信息工程学院','李纯喜','教授',0,23,419,6,20,60.9,39.1,0,0,0,0,0,0),(509,'博士','北京交通大学计算机与信息技术学院','贾彩燕','教授',0,22,56,3,6,86.4,9.1,4.5,0,0,0,0,0),(510,'博士','北京交通大学电子信息工程学院','李晶','教授',0,109,302,10,13,89,4.6,0,6.4,0,0,0,0),(511,'博士','北京交通大学计算机与信息技术学院','白慧慧','教授',0,43,56,4,6,65.1,23.3,9.3,2.3,0,0,0,0),(512,'博士','北京邮电大学软件学院','王枞','教授',0,160,700,14,21,52.5,44.4,2.5,0.6,0,0,0,0),(513,'博士','中国科学院自动化研究所','韩华','教授',0,16,235,6,15,81.3,12.5,6.2,0,0,0,0,0),(514,'博士','北京邮电大学软件学院','刘川意','教授',0,39,137,6,10,82.1,17.9,0,0,0,0,0,0),(515,'博士','中国科学院自动化研究所','程健','教授',0,4,61,3,0,50,50,0,0,0,0,0,0),(516,'博士','北京邮电大学软件学院','韩万江','教授',0,6,32,2,5,83.3,16.7,0,0,0,0,0,0),(517,'博士','中国科学院自动化研究所','西广成','教授',0,92,746,17,21,59.8,37,3.2,0,0,0,0,0),(518,'博士','北京邮电大学软件学院','傅湘玲','教授',0,26,319,9,17,88.5,11.5,0,0,0,0,0,0),(519,'博士','中国科学院自动化研究所','徐波','教授',0,497,3027,27,39,52.1,41,5,1.9,0,0,0,0),(520,'博士','北京邮电大学软件学院','张笑燕','教授',0,30,47,4,6,86.7,3.3,3.3,6.7,0,0,0,0),(521,'博士','中国科学院自动化研究所','吴毅红','教授',0,31,404,10,19,74.2,19.4,6.4,0,0,0,0,0),(522,'博士','北京邮电大学软件学院','雷友珣','教授',0,4,14,2,3,75,25,0,0,0,0,0,0),(523,'博士','中国科学院自动化研究所','李成荣','教授',0,51,192,7,12,51,49,0,0,0,0,0,0),(524,'博士','北京邮电大学软件学院','王安生','教授',0,6,28,3,5,0,0,0,0,0,0,0,0),(525,'博士','中国科学院自动化研究所','马小军','教授',0,5,119,3,0,40,60,0,0,0,0,0,0),(526,'博士','北京邮电大学软件学院','王文东','教授',0,220,1718,20,34,62.7,27.7,5,4.6,0,0,0,0),(527,'博士','中国科学院自动化研究所','王珏','教授',0,89,5117,31,71,68.5,29.2,2.3,0,0,0,0,0),(528,'博士','中国科学院自动化研究所','景奉水','教授',0,11,40,3,6,63.6,27.3,0,9.1,0,0,0,0),(529,'博士','中国科学院自动化研究所','胡卫明','教授',0,51,7251,29,0,54.9,39.2,5.9,0,0,0,0,0),(530,'博士','中国科学院自动化研究所','侯增广','教授',0,112,916,15,28,48.2,42,6.3,3.5,0,0,0,0),(531,'博士','中国科学院自动化研究所','谭铁牛','教授',0,210,16504,56,127,47.6,41.4,10.5,0.5,0,0,0,0),(532,'博士','中国科学院自动化研究所','邹伟','教授',0,125,483,12,18,61.6,28,1.6,8.8,0,0,0,0),(533,'博士','北京邮电大学软件学院','赵方','教授',0,89,494,13,17,74.2,20.2,5.6,0,0,0,0,0),(534,'博士','北京交通大学电子信息工程学院','杨光','教授',0,26,117,8,10,57.7,11.5,0,30.8,0,0,0,0),(535,'博士','中国科学院自动化研究所','曾隽芳','教授',0,41,366,11,18,82.9,17.1,0,0,0,0,0,0),(536,'博士','北京交通大学电子信息工程学院','王根英','教授',0,7,7,1,2,0,0,0,0,0,0,0,0),(537,'博士','中国科学院自动化研究所','曹志强','教授',0,104,774,15,24,58.7,32.7,8.6,0,0,0,0,0),(538,'博士','北京交通大学电子信息工程学院','李居朋','教授',0,33,181,8,12,69.7,27.3,0,3,0,0,0,0),(539,'博士','中国科学院自动化研究所','孟猛','教授',0,6,11,3,3,50,50,0,0,0,0,0,0),(540,'博士','北京交通大学电子信息工程学院','黄赞武','教授',0,8,12,2,3,87.5,0,0,12.5,0,0,0,0),(541,'博士','中国科学院自动化研究所','肖柏华','教授',0,64,439,8,20,56.3,39.1,4.6,0,0,0,0,0),(542,'博士','北京交通大学计算机与信息技术学院','李清勇','教授',0,47,492,12,21,55.3,31.9,12.8,0,0,0,0,0),(543,'博士','中国科学院自动化研究所','唐明','教授',0,5,91,4,0,80,20,0,0,0,0,0,0),(544,'博士','中国科学院自动化研究所','谭湘敏','教授',0,29,152,8,12,51.7,48.3,0,0,0,0,0,0),(545,'博士','北京交通大学计算机与信息技术学院','韩臻','教授',0,179,895,17,25,72.6,24.6,2.2,0.6,0,0,0,0),(546,'博士','中国科学院自动化研究所','郑军','教授',0,10,33,3,5,90,10,0,0,0,0,0,0),(547,'博士','北京交通大学计算机与信息技术学院','胡俊','教授',0,21,84,5,8,71.4,9.5,0,19.1,0,0,0,0),(548,'博士','北京邮电大学软件学院','杨谈','教授',0,11,14,2,3,90.9,0,0,9.1,0,0,0,0),(549,'博士','北京交通大学计算机与信息技术学院','李斌','教授',0,20,179,6,13,50,20,0,30,0,0,0,0),(550,'博士','北京邮电大学软件学院','杨正球','教授',0,27,23,2,4,18.5,81.5,0,0,0,0,0,0),(551,'博士','北京交通大学计算机与信息技术学院','李济生','教授',0,7,6,2,2,0,0,0,0,0,0,0,0),(552,'博士','北京交通大学电子信息工程学院','钱满义','教授',0,5,58,3,0,0,0,0,0,0,0,0,0),(553,'博士','北京交通大学计算机与信息技术学院','董瑞','教授',0,3,15,1,0,66.7,0,0,33.3,0,0,0,0),(554,'博士','北京交通大学电子信息工程学院','孙强','教授',0,60,144,7,10,81.7,16.7,0,1.6,0,0,0,0),(555,'博士','北京交通大学计算机与信息技术学院','胡绍海','教授',0,74,391,8,18,79.7,20.3,0,0,0,0,0,0),(556,'博士','北京交通大学电子信息工程学院','袁小龙','教授',0,23,19,3,3,91.3,8.7,0,0,0,0,0,0),(557,'博士','北京交通大学计算机与信息技术学院','董兴业','教授',0,8,56,4,7,87.5,0,0,12.5,0,0,0,0),(558,'博士','北京交通大学电子信息工程学院','刘泽','教授',0,45,242,9,13,80,17.8,2.2,0,0,0,0,0),(559,'博士','北京交通大学计算机与信息技术学院','黎琳','教授',0,9,29,3,5,77.8,11.1,0,11.1,0,0,0,0),(560,'博士','北京交通大学电子信息工程学院','王均宏','教授',0,116,540,11,18,59.5,38.8,0.9,0.8,0,0,0,0),(561,'博士','北京交通大学电子信息工程学院','郭宇春','教授',0,27,398,5,19,77.8,22.2,0,0,0,0,0,0),(562,'博士','北京交通大学计算机与信息技术学院','陈连坤','教授',0,20,41,4,6,85,15,0,0,0,0,0,0),(563,'博士','清华大学自动化系','周东华','教授',0,334,5748,38,69,70.1,28.1,1.5,0.3,0,0,0,0),(564,'博士','北京航空航天大学软件学院','王晶','教授',0,43,372,10,18,93,7,0,0,0,0,0,0),(565,'博士','清华大学自动化系','赵千川','教授',0,79,841,14,28,73.4,22.8,2.5,1.3,0,0,0,0),(566,'博士','北京航空航天大学软件学院','贾经冬','教授',0,9,46,3,6,0,0,0,0,0,0,0,0),(567,'博士','清华大学自动化系','钟宜生','教授',0,73,395,12,16,57.5,41.1,1.4,0,0,0,0,0),(568,'博士','北京航空航天大学软件学院','谭火彬','教授',0,14,15,2,3,71.4,28.6,0,0,0,0,0,0),(569,'博士','清华大学自动化系','王京春','教授',0,75,880,13,28,73.3,21.3,2.7,2.7,0,0,0,0),(570,'博士','北京航空航天大学软件学院','翁敬农','教授',0,35,135,6,11,25.7,74.3,0,0,0,0,0,0),(571,'博士','北京航空航天大学软件学院','宋友','教授',0,23,195,8,13,95.7,4.3,0,0,0,0,0,0),(572,'博士','北京航空航天大学软件学院','王海泉','教授',0,37,215,6,14,67.6,27,2.7,2.7,0,0,0,0),(573,'博士','北京航空航天大学软件学院','孙伟','教授',0,14,45,4,6,85.7,14.3,0,0,0,0,0,0),(574,'博士','北京航空航天大学软件学院','姚淑珍','教授',0,78,521,13,20,70.5,26.9,2.6,0,0,0,0,0),(575,'博士','清华大学自动化系','吴热冰','教授',0,21,162,8,12,71.4,23.8,0,4.8,0,0,0,0),(576,'博士','清华大学自动化系','刘连臣','教授',0,78,1042,18,30,78.2,20.5,1.3,0,0,0,0,0),(577,'博士','清华大学自动化系','李春文','教授',0,255,2216,22,39,73.3,26.7,0,0,0,0,0,0),(578,'博士','清华大学自动化系','赵明国','教授',0,36,365,10,17,72.2,22.2,5.6,0,0,0,0,0),(579,'博士','清华大学自动化系','王书宁','教授',0,142,355,10,13,87.3,12,0,0.7,0,0,0,0),(580,'博士','北京航空航天大学软件学院','黄坚','教授',0,19,64,5,8,26.3,73.7,0,0,0,0,0,0),(581,'博士','清华大学自动化系','刘烨斌','教授',0,7,25,3,5,85.7,14.3,0,0,0,0,0,0),(582,'博士','北京航空航天大学软件学院','康一梅','教授',0,26,82,5,8,88.5,11.5,0,0,0,0,0,0),(583,'博士','北京交通大学电子信息工程学院','赵红礼','教授',0,4,41,2,0,0,0,0,0,0,0,0,0),(584,'博士','北京交通大学电子信息工程学院','简伟','教授',0,91,353,10,14,89,6.6,4.4,0,0,0,0,0),(585,'博士','北京交通大学电子信息工程学院','霍炎','教授',0,50,141,6,11,68,28,4,0,0,0,0,0),(586,'博士','北京交通大学电子信息工程学院','蒋海林','教授',0,5,18,3,4,0,0,0,0,0,0,0,0),(587,'博士','北京交通大学电子信息工程学院','刘波','教授',0,17,167,5,12,0,0,0,0,0,0,0,0),(588,'博士','北京交通大学电子信息工程学院','邵小桃','教授',0,10,38,4,5,0,0,0,0,0,0,0,0),(589,'博士','北京交通大学电子信息工程学院','骆丽','教授',0,45,286,7,16,66.7,33.3,0,0,0,0,0,0),(590,'博士','北京交通大学电子信息工程学院','刘中田','教授',0,20,77,5,7,90,10,0,0,0,0,0,0),(591,'博士','北京交通大学电子信息工程学院','郭勇','教授',0,26,110,7,9,80.8,15.4,0,3.8,0,0,0,0),(592,'博士','北京交通大学电子信息工程学院','李一玫','教授',0,5,30,3,0,0,0,0,0,0,0,0,0),(593,'博士','清华大学自动化系','罗予频','教授',0,110,743,14,21,77.3,16.4,6.3,0,0,0,0,0),(594,'博士','中国科学院自动化研究所','王东琳','教授',0,5,21,3,4,0,0,0,0,0,0,0,0),(595,'博士','中国科学院自动化研究所','王云宽','教授',0,35,139,7,10,71.4,28.6,0,0,0,0,0,0),(596,'博士','清华大学自动化系','陈茂银','教授',0,74,521,12,21,77,18.9,2.7,1.4,0,0,0,0),(597,'博士','中国科学院自动化研究所','柯登峰','教授',0,9,16,2,3,33.3,66.7,0,0,0,0,0,0),(598,'博士','清华大学自动化系','江永亨','教授',0,54,242,6,14,75.9,24.1,0,0,0,0,0,0),(599,'博士','中国科学院自动化研究所','胡占义','教授',0,141,4288,33,61,88.7,7.8,3.5,0,0,0,0,0),(600,'博士','中国科学院自动化研究所','王亮','教授',0,13,1540,4,0,92.3,0,0,7.7,0,0,0,0),(601,'博士','中国科学院自动化研究所','李镇江','教授',0,4,15,2,3,50,50,0,0,0,0,0,0),(602,'博士','中国科学院自动化研究所','李鹏','教授',0,40,173,6,12,57.5,37.5,0,5,0,0,0,0),(603,'博士','中国科学院自动化研究所','高鹏','教授',0,10,29,3,5,40,60,0,0,0,0,0,0),(604,'博士','清华大学自动化系','彭黎辉','教授',0,62,650,14,22,85.5,14.5,0,0,0,0,0,0),(605,'博士','清华大学自动化系','谢旭东','教授',0,8,10,2,3,87.5,12.5,0,0,0,0,0,0),(606,'博士','清华大学自动化系','陆文凯','教授',0,74,519,12,21,56.8,40.5,1.4,1.3,0,0,0,0),(607,'博士','清华大学自动化系','范文慧','教授',0,174,1581,23,33,71.3,24.1,3.4,1.2,0,0,0,0),(608,'博士','中国科学院自动化研究所','郁文生','教授',0,78,472,9,21,47.4,50,2.6,0,0,0,0,0),(609,'博士','清华大学自动化系','黄必清','教授',0,72,898,18,28,65.3,33.3,0,1.4,0,0,0,0),(610,'博士','清华大学自动化系','郑小平','教授',0,335,1305,17,24,63.9,29.9,6.2,0,0,0,0,0),(611,'博士','清华大学自动化系','熊智华','教授',0,74,340,11,15,64.9,27,6.8,1.3,0,0,0,0),(612,'博士','北京交通大学电子信息工程学院','唐涛','教授',0,240,2091,23,36,77.5,18.3,1.7,2.5,0,0,0,0),(613,'博士','北京交通大学电子信息工程学院','陈佳','教授',0,8,26,2,5,87.5,12.5,0,0,0,0,0,0),(614,'博士','北京交通大学电子信息工程学院','李开成','教授',0,65,463,11,20,87.7,9.2,0,3.1,0,0,0,0),(615,'博士','北京交通大学电子信息工程学院','宁提纲','教授',0,298,1552,17,22,90.6,7.7,1.7,0,0,0,0,0),(616,'博士','北京交通大学电子信息工程学院','周达天','教授',0,7,63,4,0,71.4,14.3,0,14.3,0,0,0,0),(617,'博士','北京交通大学电子信息工程学院','刘章发','教授',0,17,34,3,5,94.1,5.9,0,0,0,0,0,0),(618,'博士','北京交通大学电子信息工程学院','李绍斌','教授',0,9,20,3,4,88.9,0,0,11.1,0,0,0,0),(619,'博士','北京交通大学电子信息工程学院','王海峰','教授',0,34,233,9,14,85.3,8.8,0,5.9,0,0,0,0),(620,'博士','中国科学院自动化研究所','刘成林','教授',0,12,160,5,0,75,25,0,0,0,0,0,0),(621,'博士','北京交通大学电子信息工程学院','岳强','教授',0,19,38,4,5,78.9,15.8,0,5.3,0,0,0,0),(622,'博士','北京交通大学电子信息工程学院','龚文飞','教授',0,11,30,3,5,81.8,18.2,0,0,0,0,0,0),(623,'博士','清华大学自动化系','叶朝辉','教授',0,21,275,5,16,81,19,0,0,0,0,0,0),(624,'博士','中国科学院自动化研究所','刘文举','教授',0,96,611,12,22,60.4,37.5,2.1,0,0,0,0,0),(625,'博士','清华大学自动化系','宋靖雁','教授',0,97,1266,21,33,64.9,28.9,6.2,0,0,0,0,0),(626,'博士','中国科学院自动化研究所','王学雷','教授',0,19,60,4,7,73.7,26.3,0,0,0,0,0,0),(627,'博士','中国科学院自动化研究所','王阳生','教授',0,113,885,16,25,49.6,36.3,12.4,1.7,0,0,0,0),(628,'博士','中国科学院自动化研究所','孙哲南','教授',0,38,1227,17,35,44.7,39.5,15.8,0,0,0,0,0),(629,'博士','清华大学自动化系','黄双喜','教授',0,44,1283,13,35,77.3,15.9,4.5,2.3,0,0,0,0),(630,'博士','中国科学院自动化研究所','吴高巍','教授',0,3,41,2,0,66.7,33.3,0,0,0,0,0,0),(631,'博士','清华大学自动化系','姚丹亚','教授',0,103,848,16,23,61.2,35.9,2.9,0,0,0,0,0),(632,'博士','中国科学院自动化研究所','卢汉清','教授',0,284,4654,29,61,46.1,44.4,7.7,1.8,0,0,0,0),(633,'博士','清华大学自动化系','任艳频','教授',0,23,167,9,12,87,13,0,0,0,0,0,0),(634,'博士','中国科学院自动化研究所','胡包钢','教授',0,25,1505,11,0,68,32,0,0,0,0,0,0),(635,'博士','清华大学自动化系','黄德先','教授',0,170,1392,18,31,70.6,27.6,1.2,0.6,0,0,0,0),(636,'博士','中国科学院自动化研究所','徐德','教授',0,198,1468,19,31,67.7,26.3,5.1,0.9,0,0,0,0),(637,'博士','北京理工大学自动化学院','赵江波','教授',0,41,225,9,14,65.9,34.1,0,0,0,0,0,0),(638,'博士','北京理工大学自动化学院','李保奎','教授',0,9,30,3,5,66.7,33.3,0,0,0,0,0,0),(639,'博士','北京理工大学自动化学院','王美玲','教授',0,107,525,14,20,65.4,24.3,0,10.3,0,0,0,0),(640,'博士','北京理工大学自动化学院','耿庆波','教授',0,43,201,8,12,69.8,30.2,0,0,0,0,0,0),(641,'博士','北京交通大学电子信息工程学院','张思东','教授',0,216,1546,17,33,71.8,19.9,2.8,5.5,0,0,0,0),(642,'博士','北京交通大学电子信息工程学院','黄亮','教授',0,24,138,6,11,75,20.8,0,4.2,0,0,0,0),(643,'博士','北京交通大学电子信息工程学院','蒋大明','教授',0,77,290,9,13,93.5,6.5,0,0,0,0,0,0),(644,'博士','北京交通大学电子信息工程学院','李润梅','教授',0,24,120,7,10,58.3,41.7,0,0,0,0,0,0),(645,'博士','北京交通大学电子信息工程学院','刘留','教授',0,41,272,9,15,73.2,24.4,0,2.4,0,0,0,0),(646,'博士','北京交通大学电子信息工程学院','王海波','教授',0,11,60,4,7,45.5,45.5,0,9,0,0,0,0),(647,'博士','北京交通大学电子信息工程学院','上官伟','教授',0,58,160,7,9,89.7,10.3,0,0,0,0,0,0),(648,'博士','北京交通大学电子信息工程学院','赵会兵','教授',0,43,182,8,12,81.4,14,2.3,2.3,0,0,0,0),(649,'博士','北京交通大学电子信息工程学院','戴胜华','教授',0,54,324,11,15,90.7,9.3,0,0,0,0,0,0),(650,'博士','北京交通大学电子信息工程学院','刘颖','教授',0,129,373,9,16,64.3,33.3,0,2.4,0,0,0,0),(651,'博士','中国科学院自动化研究所','谭杰','教授',0,42,354,10,18,66.7,33.3,0,0,0,0,0,0),(652,'博士','中国科学院自动化研究所','彭思龙','教授',0,155,1166,18,29,81.9,16.1,1.3,0.7,0,0,0,0),(653,'博士','中国科学院自动化研究所','程长建','教授',0,9,26,4,5,77.8,22.2,0,0,0,0,0,0),(654,'博士','中国科学院自动化研究所','王健','教授',0,11,73,5,8,81.8,18.2,0,0,0,0,0,0),(655,'博士','清华大学自动化系','柴跃廷','教授',0,148,2511,27,47,74.3,23.6,2.1,0,0,0,0,0),(656,'博士','中国科学院自动化研究所','朱海兵','教授',0,16,186,9,13,37.5,62.5,0,0,0,0,0,0),(657,'博士','中国科学院自动化研究所','陈振标','教授',0,8,59,2,7,25,62.5,0,12.5,0,0,0,0),(658,'博士','清华大学自动化系','李旭春','教授',0,33,185,8,12,93.9,6.1,0,0,0,0,0,0),(659,'博士','中国科学院自动化研究所','曾大军','教授',0,25,409,11,19,0,0,0,0,0,0,0,0),(660,'博士','清华大学自动化系','张和明','教授',0,85,1619,22,37,90.6,8.2,1.2,0,0,0,0,0),(661,'博士','中国科学院自动化研究所','周玉','教授',0,10,59,5,7,40,60,0,0,0,0,0,0),(662,'博士','清华大学自动化系','张学工','教授',0,109,8870,27,94,66.1,31.2,0.9,1.8,0,0,0,0),(663,'博士','中国科学院自动化研究所','王飞跃','教授',0,172,2864,29,47,82,16.9,1.1,0,0,0,0,0),(664,'博士','清华大学自动化系','张林鍹','教授',0,64,958,15,29,79.7,20.3,0,0,0,0,0,0),(665,'博士','清华大学自动化系','石宗英','教授',0,41,267,10,14,58.5,34.1,7.4,0,0,0,0,0),(666,'博士','清华大学自动化系','范玉顺','教授',0,360,12916,56,106,83.1,15,1.4,0.5,0,0,0,0),(667,'博士','清华大学自动化系','戴琼海','教授',0,269,2112,23,37,56.5,38.3,4.8,0.4,0,0,0,0),(668,'博士','清华大学自动化系','季向阳','教授',0,59,599,14,23,32.2,44.1,5.1,18.6,0,0,0,0),(669,'博士','清华大学自动化系','胡坚明','教授',0,89,918,17,28,55.1,37.1,7.8,0,0,0,0,0),(670,'博士','北京交通大学电子信息工程学院','郝晓莉','教授',0,32,179,8,12,78.1,21.9,0,0,0,0,0,0),(671,'博士','北京交通大学电子信息工程学院','张勇','教授',0,859,3629,27,46,75,18.4,1.2,5.4,0,0,0,0),(672,'博士','北京交通大学电子信息工程学院','魏学业','教授',0,164,1041,17,24,78.7,18.9,1.8,0.6,0,0,0,0),(673,'博士','北京交通大学电子信息工程学院','刘宏杰','教授',0,6,34,3,5,83.3,0,0,16.7,0,0,0,0),(674,'博士','北京交通大学电子信息工程学院','赵翔','教授',0,146,684,14,21,71.9,13.7,2.7,11.7,0,0,0,0),(675,'博士','北京交通大学电子信息工程学院','袁磊','教授',0,30,55,4,6,93.3,0,3.3,3.4,0,0,0,0),(676,'博士','北京交通大学电子信息工程学院','陈一帅','教授',0,7,16,2,3,85.7,0,0,14.3,0,0,0,0),(677,'博士','北京交通大学电子信息工程学院','雷蕾','教授',0,5,21,2,4,40,20,0,40,0,0,0,0),(678,'博士','北京交通大学电子信息工程学院','徐田华','教授',0,28,186,8,13,64.3,32.1,0,3.6,0,0,0,0),(679,'博士','北京交通大学电子信息工程学院','王目光','教授',0,101,548,11,20,80.2,17.8,1,1,0,0,0,0),(680,'博士','中国科学院自动化研究所','翁璐斌','教授',0,7,15,2,3,0,0,0,0,0,0,0,0),(681,'博士','中国科学院自动化研究所','台宪青','教授',0,4,36,3,0,75,25,0,0,0,0,0,0),(682,'博士','中国科学院自动化研究所','张正涛','教授',0,22,63,5,7,63.6,31.8,4.6,0,0,0,0,0),(683,'博士','清华大学计算机科学与技术系','王剑','教授',0,26,76,5,8,92.3,7.7,0,0,0,0,0,0),(684,'博士','清华大学计算机科学与技术系','金平','教授',0,18,205,6,14,0,0,0,0,0,0,0,0),(685,'博士','清华大学计算机科学与技术系','王健','教授',0,29,187,8,12,79.3,17.2,3.5,0,0,0,0,0),(686,'博士','清华大学计算机科学与技术系','魏琦','教授',0,23,49,5,5,91.3,4.3,4.4,0,0,0,0,0),(687,'博士','清华大学计算机科学与技术系','张敏','教授',0,152,1877,25,40,52.6,36.8,7.9,2.7,0,0,0,0),(688,'博士','清华大学计算机科学与技术系','肖熙','教授',0,45,245,7,15,60,40,0,0,0,0,0,0),(689,'博士','清华大学计算机科学与技术系','彭良瑞','教授',0,32,299,10,17,56.3,18.8,12.5,12.4,0,0,0,0),(690,'博士','清华大学计算机科学与技术系','葛宁','教授',0,156,583,12,19,78.2,17.9,3.2,0.7,0,0,0,0),(691,'博士','北京理工大学自动化学院','许向阳','教授',0,32,70,5,7,59.4,40.6,0,0,0,0,0,0),(692,'博士','北京理工大学自动化学院','梁俊宇','教授',0,3,28,2,0,0,0,0,0,0,0,0,0),(693,'博士','北京理工大学自动化学院','刘世岳','教授',0,8,6,2,2,87.5,12.5,0,0,0,0,0,0),(694,'博士','北京理工大学自动化学院','周志强','教授',0,15,113,8,10,93.3,6.7,0,0,0,0,0,0),(695,'博士','北京理工大学自动化学院','张百海','教授',0,68,396,12,17,63.2,33.8,3,0,0,0,0,0),(696,'博士','清华大学计算机科学与技术系','汪玉','教授',0,115,751,14,22,35.7,58.3,3.5,2.5,0,0,0,0),(697,'博士','北京理工大学自动化学院','王向周','教授',0,73,490,12,18,84.9,15.1,0,0,0,0,0,0),(698,'博士','清华大学计算机科学与技术系','李星','教授',0,376,3397,29,47,66.8,25.3,6.6,1.3,0,0,0,0),(699,'博士','北京理工大学自动化学院','陈文颉','教授',0,32,147,6,11,37.5,62.5,0,0,0,0,0,0),(700,'博士','北京理工大学自动化学院','王庆林','教授',0,148,892,13,25,68.9,31.1,0,0,0,0,0,0),(701,'博士','北京理工大学自动化学院','白永强','教授',0,18,90,5,8,61.1,38.9,0,0,0,0,0,0),(702,'博士','北京理工大学自动化学院','胡浩平','教授',0,9,29,3,5,0,0,0,0,0,0,0,0),(703,'博士','清华大学计算机科学与技术系','张利','教授',0,105,900,15,28,89.5,9.5,0,1,0,0,0,0),(704,'博士','清华大学计算机科学与技术系','郝智彪','教授',0,100,449,10,18,77,23,0,0,0,0,0,0),(705,'博士','清华大学计算机科学与技术系','陈巍','教授',0,56,350,11,16,57.1,33.9,9,0,0,0,0,0),(706,'博士','清华大学计算机科学与技术系','欧智坚','教授',0,19,90,5,8,68.4,31.6,0,0,0,0,0,0),(707,'博士','清华大学计算机科学与技术系','王侠','教授',0,15,104,3,10,33.3,66.7,0,0,0,0,0,0),(708,'博士','清华大学计算机科学与技术系','刘长松','教授',0,45,481,12,21,0,0,0,0,0,0,0,0),(709,'博士','清华大学计算机科学与技术系','李勇','教授',0,709,5207,30,55,74,18.9,1,6.1,0,0,0,0),(710,'博士','清华大学计算机科学与技术系','窦维蓓','教授',0,46,221,8,12,82.6,15.2,2.2,0,0,0,0,0),(711,'博士','清华大学计算机科学与技术系','郭欣','教授',0,5,10,2,3,80,20,0,0,0,0,0,0),(712,'博士','北京理工大学自动化学院','窦丽华','教授',0,194,1204,17,29,67.5,29.9,2.6,0,0,0,0,0),(713,'博士','北京理工大学自动化学院','马立玲','教授',0,34,210,8,13,76.5,17.6,2.9,3,0,0,0,0),(714,'博士','北京理工大学自动化学院','彭志红','教授',0,44,181,7,12,61.4,34.1,2.3,2.2,0,0,0,0),(715,'博士','北京理工大学自动化学院','郝轶宁','教授',0,5,57,3,0,80,0,0,20,0,0,0,0),(716,'博士','北京理工大学自动化学院','戴亚平','教授',0,98,621,13,22,59.2,40.8,0,0,0,0,0,0),(717,'博士','清华大学计算机科学与技术系','杨华中','教授',0,357,1851,19,30,57.1,38.7,3.9,0.3,0,0,0,0),(718,'博士','北京理工大学自动化学院','甘明刚','教授',0,35,270,5,16,74.3,25.7,0,0,0,0,0,0),(719,'博士','北京理工大学自动化学院','李位星','教授',0,16,68,4,8,68.8,25,6.2,0,0,0,0,0),(720,'博士','北京理工大学自动化学院','刘向东','教授',0,187,1326,18,30,80.2,17.6,2.2,0,0,0,0,0),(721,'博士','北京理工大学自动化学院','陈家斌','教授',0,157,1211,20,25,86.6,13.4,0,0,0,0,0,0),(722,'博士','北京理工大学自动化学院','郝艾芳','教授',0,8,28,2,5,62.5,37.5,0,0,0,0,0,0),(723,'博士','清华大学计算机科学与技术系','冯雪','教授',0,84,281,10,16,47.6,51.2,0,1.2,0,0,0,0),(724,'博士','清华大学计算机科学与技术系','杨毅','教授',0,25,575,13,23,96,0,0,4,0,0,0,0),(725,'博士','清华大学计算机科学与技术系','孙甲松','教授',0,19,46,4,6,42.1,57.9,0,0,0,0,0,0),(726,'博士','清华大学计算机科学与技术系','牛志升','教授',0,108,1042,15,29,45.4,43.5,4.6,6.5,0,0,0,0),(727,'博士','北京理工大学自动化学院','汪首坤','教授',0,48,409,13,18,83.3,16.7,0,0,0,0,0,0),(728,'博士','清华大学计算机科学与技术系','杜正伟','教授',0,82,889,18,28,73.2,24.4,1.2,1.2,0,0,0,0),(729,'博士','清华大学计算机科学与技术系','陈金树','教授',0,23,160,6,12,87,13,0,0,0,0,0,0),(730,'博士','清华大学计算机科学与技术系','吴及','教授',0,67,306,9,15,50.7,47.8,1.5,0,0,0,0,0),(731,'博士','北京理工大学自动化学院','王军政','教授',0,148,914,17,21,73,27,0,0,0,0,0,0),(732,'博士','北京理工大学自动化学院','柴森春','教授',0,16,86,6,9,87.5,12.5,0,0,0,0,0,0),(733,'博士','北京理工大学自动化学院','缪玲娟','教授',0,77,644,15,23,77.9,19.5,2.6,0,0,0,0,0),(734,'博士','北京理工大学自动化学院','崔灵果','教授',0,10,42,4,5,80,20,0,0,0,0,0,0),(735,'博士','北京理工大学自动化学院','陈金兵','教授',0,7,23,4,4,71.4,28.6,0,0,0,0,0,0),(736,'博士','北京理工大学自动化学院','石永生','教授',0,18,48,4,6,66.7,33.3,0,0,0,0,0,0),(737,'博士','清华大学计算机科学与技术系','黄永峰','教授',0,136,518,11,17,73.5,21.3,5.2,0,0,0,0,0),(738,'博士','北京理工大学自动化学院','伍清河','教授',0,108,330,10,15,71.3,27.8,0.9,0,0,0,0,0),(739,'博士','清华大学计算机科学与技术系','张洪明','教授',0,85,617,14,21,78.8,15.3,4.7,1.2,0,0,0,0),(740,'博士','北京理工大学自动化学院','李磊磊','教授',0,7,28,2,5,0,0,0,0,0,0,0,0),(741,'博士','北京理工大学自动化学院','邓志红','教授',0,72,586,15,22,66.7,29.2,1.4,2.7,0,0,0,0),(742,'博士','清华大学计算机科学与技术系','任勇','教授',0,234,2242,23,40,73.1,22.2,1.7,3,0,0,0,0),(743,'博士','清华大学计算机科学与技术系','何芸','教授',0,80,384,12,18,32.5,11.3,1.3,54.9,0,0,0,0),(744,'博士','清华大学计算机科学与技术系','张卫强','教授',0,38,153,6,11,89.5,10.5,0,0,0,0,0,0),(745,'博士','清华大学计算机科学与技术系','张林','教授',0,67,358,10,16,73.1,20.9,1.5,4.5,0,0,0,0),(746,'博士','清华大学计算机科学与技术系','陈明华','教授',0,274,1409,19,29,60.6,31.4,6.9,1.1,0,0,0,0),(747,'博士','中国科学院自动化研究所','刘禹','教授',0,32,237,7,15,87.5,12.5,0,0,0,0,0,0),(748,'博士','清华大学计算机科学与技术系','崔晓伟','教授',0,73,205,8,12,72.6,26,1.4,0,0,0,0,0),(749,'博士','中国科学院自动化研究所','王宏','教授',0,17,254,7,15,58.8,41.2,0,0,0,0,0,0),(750,'博士','清华大学计算机科学与技术系','罗毅','教授',0,357,2637,25,42,75.4,20.4,3.6,0.6,0,0,0,0),(751,'博士','中国科学院自动化研究所','王云','教授',0,4,16,2,0,75,25,0,0,0,0,0,0),(752,'博士','清华大学计算机科学与技术系','王生进','教授',0,75,473,11,19,56,37.3,6.7,0,0,0,0,0),(753,'博士','中国科学院自动化研究所','宋明','教授',0,7,25,2,5,85.7,14.3,0,0,0,0,0,0),(754,'博士','清华大学计算机科学与技术系','霍力','教授',0,79,425,12,18,74.7,22.8,2.5,0,0,0,0,0),(755,'博士','中国科学院自动化研究所','田捷','教授',0,433,8695,46,83,68.4,22.2,5.8,3.6,0,0,0,0),(756,'博士','中国科学院自动化研究所','卢朋','教授',0,37,276,8,16,73,24.3,0,2.7,0,0,0,0),(757,'博士','中国科学院自动化研究所','赵晓光','教授',0,59,471,10,20,54.2,44.1,1.7,0,0,0,0,0),(758,'博士','北京交通大学计算机与信息技术学院','冯松鹤','教授',0,27,286,9,16,55.6,22.2,18.5,3.7,0,0,0,0),(759,'博士','中国科学院自动化研究所','李耀东','教授',0,28,426,8,20,64.3,32.1,3.6,0,0,0,0,0),(760,'博士','清华大学计算机科学与技术系','马正新','教授',0,97,856,15,27,78.4,19.6,2,0,0,0,0,0),(761,'博士','中国科学院自动化研究所','刘静','教授',0,3,167,2,0,66.7,33.3,0,0,0,0,0,0),(762,'博士','中国科学院自动化研究所','刘希未','教授',0,6,9,2,3,66.7,33.3,0,0,0,0,0,0),(763,'博士','北京交通大学计算机与信息技术学院','安高云','教授',0,9,25,4,5,88.9,0,0,11.1,0,0,0,0),(764,'博士','北京交通大学计算机与信息技术学院','黄厚宽','教授',0,369,4218,31,53,68.3,26.6,4.9,0.2,0,0,0,0),(765,'博士','北京交通大学计算机与信息技术学院','陈莹','教授',0,5,12,2,3,40,0,0,60,0,0,0,0),(766,'博士','北京交通大学计算机与信息技术学院','戴钢','教授',0,33,173,6,12,72.7,18.2,9.1,0,0,0,0,0),(767,'博士','北京交通大学计算机与信息技术学院','郭丽华','教授',0,21,140,8,11,90.5,9.5,0,0,0,0,0,0),(768,'博士','北京交通大学计算机与信息技术学院','李红辉','教授',0,56,172,7,10,73.2,19.6,5.4,1.8,0,0,0,0),(769,'博士','北京交通大学计算机与信息技术学院','董岚','教授',0,3,8,1,2,66.7,33.3,0,0,0,0,0,0),(770,'博士','北京交通大学计算机与信息技术学院','黄宇','教授',0,10,30,3,5,70,20,0,10,0,0,0,0),(771,'博士','北京交通大学计算机与信息技术学院','高金山','教授',0,13,45,4,6,84.6,15.4,0,0,0,0,0,0),(772,'博士','北京交通大学计算机与信息技术学院','黄华','教授',0,17,60,5,7,41.2,41.2,5.9,11.7,0,0,0,0),(773,'博士','清华大学计算机科学与技术系','张旭东','教授',0,94,887,17,23,80.9,18.1,0,1,0,0,0,0),(774,'博士','清华大学计算机科学与技术系','李洪','教授',0,17,83,6,8,82.4,17.6,0,0,0,0,0,0),(775,'博士','清华大学计算机科学与技术系','张超','教授',0,58,270,8,13,81,17.2,0,1.8,0,0,0,0),(776,'博士','清华大学计算机科学与技术系','刘加','教授',0,226,1760,18,36,66.8,28.3,2.7,2.2,0,0,0,0),(777,'博士','清华大学计算机科学与技术系','陈文华','教授',0,19,38,4,5,52.6,47.4,0,0,0,0,0,0),(778,'博士','清华大学计算机科学与技术系','樊平毅','教授',0,59,406,12,19,59.3,33.9,3.4,3.4,0,0,0,0),(779,'博士','清华大学计算机科学与技术系','谷源涛','教授',0,54,669,11,25,83.3,13,1.9,1.8,0,0,0,0),(780,'博士','清华大学计算机科学与技术系','姚铮','教授',0,28,151,6,12,75,21.4,3.6,0,0,0,0,0),(781,'博士','清华大学计算机科学与技术系','宋健','教授',0,473,5271,36,58,79.5,18.6,1.3,0.6,0,0,0,0),(782,'博士','清华大学计算机科学与技术系','李刚','教授',0,26,232,8,14,69.2,30.8,0,0,0,0,0,0),(783,'博士','清华大学计算机科学与技术系','王劲涛','教授',0,73,378,11,17,60.3,35.6,4.1,0,0,0,0,0),(784,'博士','清华大学计算机科学与技术系','张颢','教授',0,12,63,5,7,83.3,16.7,0,0,0,0,0,0),(785,'博士','清华大学计算机科学与技术系','齐京','教授',0,30,63,4,6,63.3,20,0,16.7,0,0,0,0),(786,'博士','清华大学计算机科学与技术系','李洪涛','教授',0,35,243,8,15,80,17.1,2.9,0,0,0,0,0),(787,'博士','清华大学计算机科学与技术系','孙卫东','教授',0,58,225,8,14,81,17.2,1.8,0,0,0,0,0),(788,'博士','清华大学计算机科学与技术系','马惠敏','教授',0,33,163,8,12,66.7,33.3,0,0,0,0,0,0),(789,'博士','清华大学计算机科学与技术系','陈宏伟','教授',0,163,855,14,24,50.9,37.4,9.8,1.9,0,0,0,0),(790,'博士','清华大学计算机科学与技术系','钟晓峰','教授',0,69,497,11,20,58,31.9,8.7,1.4,0,0,0,0),(791,'博士','清华大学计算机科学与技术系','吕晖','教授',0,9,14,2,3,0,0,0,0,0,0,0,0),(792,'博士','清华大学计算机科学与技术系','袁坚','教授',0,121,593,13,18,71.1,26.4,2.5,0,0,0,0,0),(793,'博士','清华大学信息技术研究院','唐瑞春','教授',0,17,21,2,4,94.1,0,5.9,0,0,0,0,0),(794,'博士','清华大学信息技术研究院','吕勇强','教授',0,24,186,3,13,62.5,37.5,0,0,0,0,0,0),(795,'博士','清华大学信息技术研究院','路海明','教授',0,43,678,13,25,76.7,23.3,0,0,0,0,0,0),(796,'博士','中国人民大学信息学院','余力','教授',0,22,610,7,0,81.8,18.2,0,0,0,0,0,0),(797,'博士','清华大学信息技术研究院','鞠大鹏','教授',0,29,312,9,17,86.2,13.8,0,0,0,0,0,0),(798,'博士','中国人民大学信息学院','杨楠','教授',0,17,42,4,6,88.2,11.8,0,0,0,0,0,0),(799,'博士','清华大学信息技术研究院','吉吟东','教授',0,79,621,15,23,70.9,27.8,1.3,0,0,0,0,0),(800,'博士','中国人民大学信息学院','秦波','教授',0,36,291,9,16,94.4,5.6,0,0,0,0,0,0),(801,'博士','清华大学信息技术研究院','王海霞','教授',0,35,98,6,8,60,28.6,11.4,0,0,0,0,0),(802,'博士','中国人民大学信息学院','梁彬','教授',0,55,253,8,14,67.3,27.3,3.6,1.8,0,0,0,0),(803,'博士','清华大学信息技术研究院','孙新亚','教授',0,47,326,8,16,83,17,0,0,0,0,0,0),(804,'博士','中国人民大学信息学院','韩丽涛','教授',0,26,579,12,24,96.2,0,0,3.8,0,0,0,0),(805,'博士','清华大学信息技术研究院','汪东升','教授',0,211,1585,21,33,66.8,25.6,7.1,0.5,0,0,0,0),(806,'博士','中国人民大学信息学院','蒋洪迅','教授',0,22,54,5,7,45.5,54.5,0,0,0,0,0,0),(807,'博士','中国人民大学信息学院','何军','教授',0,5,30,3,0,60,40,0,0,0,0,0,0),(808,'博士','清华大学信息技术研究院','李兆麟','教授',0,18,99,6,9,77.8,22.2,0,0,0,0,0,0),(809,'博士','中国人民大学信息学院','张庆彩','教授',0,25,40,4,5,0,0,0,0,0,0,0,0),(810,'博士','中国人民大学信息学院','刘青','教授',0,22,170,8,12,90.9,9.1,0,0,0,0,0,0),(811,'博士','中国人民大学信息学院','张倩伟','教授',0,8,40,3,6,87.5,12.5,0,0,0,0,0,0),(812,'博士','中国人民大学信息学院','陈跃国','教授',0,43,173,5,12,51.2,20.9,25.6,2.3,0,0,0,0),(813,'博士','清华大学软件学院','王朝坤','教授',0,90,496,12,20,50,42.2,7.8,0,0,0,0,0),(814,'博士','清华大学信息技术研究院','杨维康','教授',0,17,35,4,5,76.5,23.5,0,0,0,0,0,0),(815,'博士','中国人民大学信息学院','闫俐','教授',0,19,22,3,4,78.9,21.1,0,0,0,0,0,0),(816,'博士','清华大学软件学院','施侃乐','教授',0,8,8,1,2,0,0,0,0,0,0,0,0),(817,'博士','中国人民大学信息学院','朱来义','教授',0,14,37,2,6,0,0,0,0,0,0,0,0),(818,'博士','清华大学软件学院','靳晓明','教授',0,17,90,5,9,23.5,17.6,47.1,11.8,0,0,0,0),(819,'博士','中国人民大学信息学院','魏二玲','教授',0,21,25,4,4,0,0,0,0,0,0,0,0),(820,'博士','清华大学软件学院','王斌','教授',0,34,323,10,17,67.6,32.4,0,0,0,0,0,0),(821,'博士','中国人民大学信息学院','李亚平','教授',0,3,5,2,2,0,0,0,0,0,0,0,0),(822,'博士','清华大学信息技术研究院','张良杰','教授',0,16,304,6,0,81.2,18.8,0,0,0,0,0,0),(823,'博士','中国人民大学信息学院','叶向','教授',0,18,16,2,4,5.6,94.4,0,0,0,0,0,0),(824,'博士','清华大学信息技术研究院','彭克武','教授',0,76,511,11,18,48.7,50,0,1.3,0,0,0,0),(825,'博士','中国人民大学信息学院','战疆','教授',0,10,60,4,7,90,10,0,0,0,0,0,0),(826,'博士','清华大学信息技术研究院','胡庆成','教授',0,9,43,5,6,0,0,0,0,0,0,0,0),(827,'博士','中国人民大学信息学院','李倩','教授',0,5,17,2,4,80,20,0,0,0,0,0,0),(828,'博士','清华大学信息技术研究院','戴桂兰','教授',0,37,440,12,19,81.1,18.9,0,0,0,0,0,0),(829,'博士','中国人民大学信息学院','王良','教授',0,24,185,6,13,91.7,8.3,0,0,0,0,0,0),(830,'博士','清华大学软件学院','王建民','教授',0,274,1895,23,34,58,33.2,8.8,0,0,0,0,0),(831,'博士','清华大学软件学院','罗贵明','教授',0,24,98,6,8,91.7,8.3,0,0,0,0,0,0),(832,'博士','中国人民大学信息学院','肖林','教授',0,3,7,2,2,66.7,33.3,0,0,0,0,0,0),(833,'博士','中国人民大学信息学院','张孝','教授',0,34,276,6,16,50,41.2,5.9,2.9,0,0,0,0),(834,'博士','中国人民大学信息学院','李德英','教授',0,9,62,3,7,88.9,11.1,0,0,0,0,0,0),(835,'博士','中国人民大学信息学院','许伟','教授',0,9,84,4,0,88.9,11.1,0,0,0,0,0,0),(836,'博士','清华大学软件学院','孙家广','教授',0,294,5084,35,62,77.6,16.7,5.7,0,0,0,0,0),(837,'博士','中国人民大学信息学院','张伦传','教授',0,27,3,1,1,96.3,0,0,3.7,0,0,0,0),(838,'博士','清华大学软件学院','邓仰东','教授',0,10,6,2,2,90,10,0,0,0,0,0,0),(839,'博士','中国人民大学信息学院','杜小勇','教授',0,203,3452,31,56,58.1,29.6,12.3,0,0,0,0,0),(840,'博士','清华大学软件学院','李振华','教授',0,8,38,3,6,87.5,12.5,0,0,0,0,0,0),(841,'博士','中国人民大学信息学院','范红岗','教授',0,6,30,4,5,0,0,0,0,0,0,0,0),(842,'博士','清华大学软件学院','贺飞','教授',0,7,36,3,6,0,0,0,0,0,0,0,0),(843,'博士','中国人民大学信息学院','王秋月','教授',0,12,35,4,5,75,25,0,0,0,0,0,0),(844,'博士','清华大学软件学院','刘强','教授',0,45,1937,18,44,77.8,20,2.2,0,0,0,0,0),(845,'博士','中国人民大学信息学院','陈红','教授',0,187,752,14,23,53.5,39,7,0.5,0,0,0,0),(846,'博士','清华大学软件学院','徐枫','教授',0,7,12,2,3,0,0,0,0,0,0,0,0),(847,'博士','中国人民大学信息学院','林勇','教授',0,12,89,5,9,91.7,8.3,0,0,0,0,0,0),(848,'博士','清华大学软件学院','张力','教授',0,83,512,11,19,80.7,18.1,1.2,0,0,0,0,0),(849,'博士','清华大学信息技术研究院','卢增祥','教授',0,55,794,13,27,72.7,27.3,0,0,0,0,0,0),(850,'博士','清华大学软件学院','丁贵广','教授',0,4,12,1,3,0,0,0,0,0,0,0,0),(851,'博士','中国科学院自动化研究所','耿征','教授',0,10,73,4,8,0,0,0,0,0,0,0,0),(852,'博士','中国人民大学信息学院','钟佳桂','教授',0,6,8,1,2,50,50,0,0,0,0,0,0),(853,'博士','中国人民大学信息学院','李昊','教授',0,20,59,4,7,0,0,0,0,0,0,0,0),(854,'博士','清华大学软件学院','刘璘','教授',0,14,27,3,5,71.4,28.6,0,0,0,0,0,0),(855,'博士','清华大学软件学院','雍俊海','教授',0,82,729,15,24,80.5,17.1,2.4,0,0,0,0,0),(856,'博士','清华大学软件学院','赵曦滨','教授',0,65,586,13,21,89.2,4.6,4.6,1.6,0,0,0,0),(857,'博士','北京理工大学计算机学院','王文明','教授',0,19,24,3,4,84.2,15.8,0,0,0,0,0,0),(858,'博士','北京理工大学计算机学院','袁武','教授',0,14,137,7,11,57.1,35.7,7.2,0,0,0,0,0),(859,'博士','北京理工大学计算机学院','刘利雄','教授',0,12,62,5,7,0,0,0,0,0,0,0,0),(860,'博士','北京理工大学计算机学院','金旭亮','教授',0,6,20,3,4,0,0,0,0,0,0,0,0),(861,'博士','北京理工大学计算机学院','钟宏','教授',0,11,19,3,3,81.8,18.2,0,0,0,0,0,0),(862,'博士','北京理工大学计算机学院','王一拙','教授',0,11,45,3,6,90.9,9.1,0,0,0,0,0,0),(863,'博士','北京理工大学计算机学院','赵刚','教授',0,8,30,2,5,87.5,12.5,0,0,0,0,0,0),(864,'博士','清华大学软件学院','向东','教授',0,161,1401,20,31,80.7,13.7,1.9,3.7,0,0,0,0),(865,'博士','北京理工大学计算机学院','闫波','教授',0,9,43,3,6,66.7,33.3,0,0,0,0,0,0),(866,'博士','北京理工大学计算机学院','祝烈煌','教授',0,50,136,6,9,58,36,6,0,0,0,0,0),(867,'博士','北京理工大学计算机学院','马忠梅','教授',0,39,335,8,18,97.4,2.6,0,0,0,0,0,0),(868,'博士','北京理工大学计算机学院','古志民','教授',0,84,1284,14,34,75,19,4.8,1.2,0,0,0,0),(869,'博士','清华大学微电子学研究所','葛元庆','教授',0,31,129,6,10,64.5,35.5,0,0,0,0,0,0),(870,'博士','清华大学微电子学研究所','向采兰','教授',0,30,48,4,5,80,20,0,0,0,0,0,0),(871,'博士','清华大学微电子学研究所','陈志良','教授',0,31,194,8,12,83.9,16.1,0,0,0,0,0,0),(872,'博士','清华大学微电子学研究所','王晓红','教授',0,50,281,10,15,68,32,0,0,0,0,0,0),(873,'博士','清华大学微电子学研究所','吴行军','教授',0,15,91,6,9,80,20,0,0,0,0,0,0),(874,'博士','清华大学微电子学研究所','许军','教授',0,133,385,10,16,68.4,21.1,2.3,8.2,0,0,0,0),(875,'博士','清华大学微电子学研究所','王水弟','教授',0,43,182,7,12,48.8,44.2,7,0,0,0,0,0),(876,'博士','清华大学微电子学研究所','曲炳郡','教授',0,39,56,4,6,69.2,30.8,0,0,0,0,0,0),(877,'博士','清华大学微电子学研究所','刘理天','教授',0,716,3675,26,34,63.8,32,1.8,2.4,0,0,0,0),(878,'博士','清华大学微电子学研究所','谢丹','教授',0,74,123,6,8,74.3,17.6,8.1,0,0,0,0,0),(879,'博士','清华大学微电子学研究所','靳东明','教授',0,70,301,10,14,67.1,28.6,4.3,0,0,0,0,0),(880,'博士','清华大学微电子学研究所','任天令','教授',0,296,1161,17,22,68.9,28.7,1.4,1,0,0,0,0),(881,'博士','中国人民大学信息学院','许洁萍','教授',0,51,74,5,6,37.3,54.9,2,5.8,0,0,0,0),(882,'博士','清华大学微电子学研究所','刘泽文','教授',0,103,313,9,13,53.4,43.7,0,2.9,0,0,0,0),(883,'博士','清华大学微电子学研究所','岳瑞峰','教授',0,145,529,12,15,65.5,31,0.7,2.8,0,0,0,0),(884,'博士','清华大学微电子学研究所','陈培毅','教授',0,141,500,10,15,78,17.7,3.5,0.8,0,0,0,0),(885,'博士','清华大学微电子学研究所','陈弘毅','教授',0,193,1517,21,29,76.2,21.2,2.1,0.5,0,0,0,0),(886,'博士','清华大学微电子学研究所','李树国','教授',0,41,128,5,10,85.4,12.2,2.4,0,0,0,0,0),(887,'博士','清华大学微电子学研究所','王燕','教授',0,66,166,7,9,78.8,16.7,1.5,3,0,0,0,0),(888,'博士','清华大学微电子学研究所','蒋志','教授',0,23,65,4,7,87,13,0,0,0,0,0,0),(889,'博士','清华大学微电子学研究所','王志华','教授',0,548,2889,23,35,60.9,35.4,2.9,0.8,0,0,0,0),(890,'博士','清华大学微电子学研究所','魏少军','教授',0,208,701,12,19,64.9,28.4,5.3,1.4,0,0,0,0),(891,'博士','中国人民大学信息学院','王珊','教授',0,381,5706,38,70,56.4,33.6,8.4,1.6,0,0,0,0),(892,'博士','中国人民大学信息学院','李翠平','教授',0,76,381,10,18,57.9,31.6,10.5,0,0,0,0,0),(893,'博士','中国人民大学信息学院','蔡海鸥','教授',0,11,53,4,7,90.9,9.1,0,0,0,0,0,0),(894,'博士','中国人民大学信息学院','杨波','教授',0,39,512,13,22,84.6,12.8,0,2.6,0,0,0,0),(895,'博士','中国人民大学信息学院','覃雄派','教授',0,46,667,7,25,73.9,19.6,6.5,0,0,0,0,0),(896,'博士','中国人民大学信息学院','杨小平','教授',0,107,553,9,22,61.7,36.4,0.9,1,0,0,0,0),(897,'博士','中国人民大学信息学院','龙永红','教授',0,9,8,2,2,0,0,0,0,0,0,0,0),(898,'博士','中国人民大学信息学院','张会平','教授',0,7,17,3,3,0,0,0,0,0,0,0,0),(899,'博士','中国人民大学信息学院','孟小峰','教授',0,272,6900,41,78,55.9,35.3,8.1,0.7,0,0,0,0),(900,'博士','中国人民大学信息学院','周烜','教授',0,13,482,5,0,76.9,23.1,0,0,0,0,0,0),(901,'博士','中国人民大学信息学院','左美云','教授',0,98,944,14,28,82.7,16.3,1,0,0,0,0,0),(902,'博士','中国人民大学信息学院','王伟','教授',0,64,423,11,19,85.9,9.4,0,4.7,0,0,0,0),(903,'博士','中国人民大学信息学院','陈文萍','教授',0,24,201,8,14,62.5,25,12.5,0,0,0,0,0),(904,'博士','中国人民大学信息学院','赵素云','教授',0,11,29,2,5,81.8,18.2,0,0,0,0,0,0),(905,'博士','中国人民大学信息学院','刘刚','教授',0,148,1407,18,35,84.5,14.2,0,1.3,0,0,0,0),(906,'博士','中国人民大学信息学院','胡鹤','教授',0,32,389,9,19,50,28.1,18.8,3.1,0,0,0,0),(907,'博士','中国人民大学信息学院','苏俊','教授',0,9,4,1,1,44.4,55.6,0,0,0,0,0,0),(908,'博士','中国人民大学信息学院','曹巍','教授',0,23,73,5,8,78.3,21.7,0,0,0,0,0,0),(909,'博士','中国人民大学信息学院','许作良','教授',0,19,5,1,2,94.7,5.3,0,0,0,0,0,0),(910,'博士','中国人民大学信息学院','覃飙','教授',0,7,17,2,4,0,0,0,0,0,0,0,0),(911,'博士','中国人民大学信息学院','胡长英','教授',0,8,25,4,5,75,25,0,0,0,0,0,0),(912,'博士','中国人民大学信息学院','朱青','教授',0,65,701,14,24,98.5,1.5,0,0,0,0,0,0),(913,'博士','北京师范大学信息科学与技术学院','闫建平','教授',0,5,5,1,1,60,40,0,0,0,0,0,0),(914,'博士','北京师范大学信息科学与技术学院','王建明','教授',0,40,610,11,24,0,0,0,0,0,0,0,0),(915,'博士','北京师范大学信息科学与技术学院','武仲科','教授',0,107,352,9,16,65.4,28,4.7,1.9,0,0,0,0),(916,'博士','北京师范大学信息科学与技术学院','赵国兴','教授',0,9,10,2,2,0,0,0,0,0,0,0,0),(917,'博士','北京理工大学计算机学院','赵三元','教授',0,7,14,1,3,0,0,0,0,0,0,0,0),(918,'博士','北京理工大学计算机学院','谭毓安','教授',0,80,218,9,11,85,12.5,2.5,0,0,0,0,0),(919,'博士','北京师范大学信息科学与技术学院','王醒策','教授',0,40,71,5,7,60,32.5,5,2.5,0,0,0,0),(920,'博士','北京师范大学信息科学与技术学院','王学松','教授',0,41,170,7,12,75.6,22,2.4,0,0,0,0,0),(921,'博士','中国科学院计算技术研究所','刘兴武','教授',0,5,62,2,0,80,0,0,20,0,0,0,0),(922,'博士','北京交通大学电子信息工程学院','沈波','教授',0,24,810,8,0,91.7,0,0,8.3,0,0,0,0),(923,'博士','中国科学院计算技术研究所','刘军发','教授',0,71,461,12,19,56.3,32.4,8.5,2.8,0,0,0,0),(924,'博士','北京交通大学电子信息工程学院','孙昕','教授',0,53,275,9,14,90.6,5.7,1.9,1.8,0,0,0,0),(925,'博士','北京理工大学计算机学院','胡思康','教授',0,7,17,2,4,0,0,0,0,0,0,0,0),(926,'博士','北京交通大学电子信息工程学院','张金宝','教授',0,16,47,4,6,50,37.5,12.5,0,0,0,0,0),(927,'博士','北京交通大学电子信息工程学院','王春灿','教授',0,41,153,7,10,85.4,9.8,2.4,2.4,0,0,0,0),(928,'博士','中国科学院计算技术研究所','曹政','教授',0,35,105,6,9,51.4,34.3,2.9,11.4,0,0,0,0),(929,'博士','中国科学院计算技术研究所','赵晓芳','教授',0,24,110,6,10,62.5,33.3,0,4.2,0,0,0,0),(930,'博士','中国科学院计算技术研究所','罗海勇','教授',0,79,533,13,20,70.9,22.8,6.3,0,0,0,0,0),(931,'博士','北京交通大学电子信息工程学院','娄淑琴','教授',0,193,1463,19,32,84.5,14,1.5,0,0,0,0,0),(932,'博士','中国科学院计算技术研究所','章立生','教授',0,19,143,5,11,68.4,31.6,0,0,0,0,0,0),(933,'博士','北京交通大学电子信息工程学院','郑晶晶','教授',0,43,90,6,8,86,9.3,2.3,2.4,0,0,0,0),(934,'博士','中国科学院计算技术研究所','周安福','教授',0,5,10,2,3,0,0,0,0,0,0,0,0),(935,'博士','中国科学院计算技术研究所','张磊','教授',0,13,84,6,8,61.5,30.8,0,7.7,0,0,0,0),(936,'博士','中国科学院计算技术研究所','李伟','教授',0,40,2141,17,0,72.5,15,12.5,0,0,0,0,0),(937,'博士','中国科学院计算技术研究所','沈华','教授',0,19,31,3,5,47.4,26.3,0,26.3,0,0,0,0),(938,'博士','北京交通大学电子信息工程学院','赵林海','教授',0,19,100,6,9,94.7,5.3,0,0,0,0,0,0),(939,'博士','北京交通大学电子信息工程学院','朱明强','教授',0,11,33,4,5,81.8,9.1,0,9.1,0,0,0,0),(940,'博士','北京交通大学电子信息工程学院','陶丹','教授',0,44,968,12,31,68.2,18.2,6.8,6.8,0,0,0,0),(941,'博士','北京交通大学电子信息工程学院','张严心','教授',0,35,117,6,9,54.3,34.3,8.6,2.8,0,0,0,0),(942,'博士','北京理工大学计算机学院','裴明涛','教授',0,31,131,6,11,74.2,16.1,9.7,0,0,0,0,0),(943,'博士','北京理工大学计算机学院','翟岩龙','教授',0,8,45,3,6,62.5,37.5,0,0,0,0,0,0),(944,'博士','北京交通大学电子信息工程学院','张令文','教授',0,7,65,4,0,0,0,0,0,0,0,0,0),(945,'博士','北京交通大学电子信息工程学院','陈后金','教授',0,139,822,13,23,79.9,18.7,1.4,0,0,0,0,0),(946,'博士','中国科学院计算技术研究所','方金云','教授',0,122,602,11,19,64.8,33.6,0.8,0.8,0,0,0,0),(947,'博士','北京交通大学电子信息工程学院','王剑','教授',0,143,614,14,19,62.2,32.9,2.8,2.1,0,0,0,0),(948,'博士','北京交通大学电子信息工程学院','毕红军','教授',0,23,70,3,8,87,8.7,0,4.3,0,0,0,0),(949,'博士','中国科学院计算技术研究所','史红周','教授',0,29,147,7,10,41.4,55.2,0,3.4,0,0,0,0),(950,'博士','北京交通大学电子信息工程学院','许荣涛','教授',0,8,27,3,5,50,50,0,0,0,0,0,0),(951,'博士','中国科学院计算技术研究所','程学旗','教授',0,308,4455,31,59,55.2,39.9,3.6,1.3,0,0,0,0),(952,'博士','北京交通大学电子信息工程学院','余晶晶','教授',0,3,22,0,0,66.7,0,0,33.3,0,0,0,0),(953,'博士','中国科学院计算技术研究所','徐勇军','教授',0,127,1289,21,31,49.6,45.7,2.4,2.3,0,0,0,0),(954,'博士','中国科学院计算技术研究所','靳小龙','教授',0,10,205,5,0,90,10,0,0,0,0,0,0),(955,'博士','北京交通大学电子信息工程学院','李维敏','教授',0,14,51,4,6,71.4,28.6,0,0,0,0,0,0),(956,'博士','中国科学院计算技术研究所','齐子初','教授',0,5,16,3,4,0,0,0,0,0,0,0,0),(957,'博士','中国科学院计算技术研究所','李国杰','教授',0,133,1886,16,42,91,9,0,0,0,0,0,0),(958,'博士','中国科学院计算技术研究所','肖俊华','教授',0,10,36,4,6,90,10,0,0,0,0,0,0),(959,'博士','中国科学院计算技术研究所','李静远','教授',0,3,44,2,0,66.7,33.3,0,0,0,0,0,0),(960,'博士','中国科学院计算技术研究所','赵泽','教授',0,19,2631,6,0,84.2,0,0,15.8,0,0,0,0),(961,'博士','北京交通大学电子信息工程学院','仲维锋','教授',0,2,8,0,0,0,0,0,0,0,0,0,0),(962,'博士','北京交通大学电子信息工程学院','张振江','教授',0,54,168,7,10,90.7,7.4,0,1.9,0,0,0,0),(963,'博士','北京交通大学电子信息工程学院','周华春','教授',0,188,728,12,20,68.1,28.2,1.1,2.6,0,0,0,0),(964,'博士','北京师范大学信息科学与技术学院','张钟军','教授',0,23,122,6,10,78.3,17.4,0,4.3,0,0,0,0),(965,'博士','北京航空航天大学软件学院','原仓周','教授',0,14,117,6,10,78.6,14.3,0,7.1,0,0,0,0),(966,'博士','北京航空航天大学软件学院','黄河','教授',0,47,283,7,16,78.7,19.1,0,2.2,0,0,0,0),(967,'博士','北京航空航天大学软件学院','张莉','教授',0,131,681,13,21,79.4,16.8,3.1,0.7,0,0,0,0),(968,'博士','北京航空航天大学软件学院','杨晴虹','教授',0,7,18,3,4,0,0,0,0,0,0,0,0),(969,'博士','北京航空航天大学软件学院','王华锋','教授',0,6,6,2,2,83.3,16.7,0,0,0,0,0,0),(970,'博士','北京航空航天大学软件学院','李卫国','教授',0,15,26,3,4,93.3,6.7,0,0,0,0,0,0),(971,'博士','北京航空航天大学软件学院','张凯','教授',0,8,8,2,2,75,12.5,0,12.5,0,0,0,0),(972,'博士','清华大学微电子学研究所','余志平','教授',0,231,843,16,22,58.4,38.1,3,0.5,0,0,0,0),(973,'博士','北京航空航天大学软件学院','陈伟','教授',0,7,3,1,1,71.4,14.3,0,14.3,0,0,0,0),(974,'博士','清华大学微电子学研究所','贾松良','教授',0,72,448,12,18,61.1,37.5,1.4,0,0,0,0,0),(975,'博士','清华大学微电子学研究所','周润德','教授',0,111,491,11,17,76.6,22.5,0.9,0,0,0,0,0),(976,'博士','清华大学微电子学研究所','林惠旺','教授',0,50,207,8,10,74,26,0,0,0,0,0,0),(977,'博士','清华大学微电子学研究所','陈炜','教授',0,11,156,6,0,63.6,36.4,0,0,0,0,0,0),(978,'博士','清华大学微电子学研究所','刘志弘','教授',0,73,187,8,10,63,32.9,1.4,2.7,0,0,0,0),(979,'博士','清华大学微电子学研究所','李永明','教授',0,101,802,18,24,79.2,17.8,2,1,0,0,0,0),(980,'博士','清华大学微电子学研究所','邓宁','教授',0,80,210,8,12,72.5,22.5,5,0,0,0,0,0),(981,'博士','清华大学微电子学研究所','李志坚','教授',0,340,1842,20,30,68.8,28.5,1.8,0.9,0,0,0,0),(982,'博士','清华大学微电子学研究所','张春','教授',0,313,1949,21,33,53.4,41.5,3.2,1.9,0,0,0,0),(983,'博士','清华大学微电子学研究所','严利人','教授',0,36,65,5,6,91.7,8.3,0,0,0,0,0,0),(984,'博士','中国科学院计算技术研究所','蒋树强','教授',0,67,795,17,25,19.4,65.7,10.4,4.5,0,0,0,0),(985,'博士','清华大学微电子学研究所','孙义和','教授',0,99,372,10,15,71.7,27.3,1,0,0,0,0,0),(986,'博士','中国科学院计算技术研究所','贺思敏','教授',0,35,433,10,20,62.9,31.4,5.7,0,0,0,0,0),(987,'博士','北京交通大学电子信息工程学院','郜帅','教授',0,53,261,9,14,50.9,15.1,3.8,30.2,0,0,0,0),(988,'博士','中国科学院计算技术研究所','马余泰','教授',0,3,47,0,0,0,0,0,0,0,0,0,0),(989,'博士','中国科学院计算技术研究所','王淼','教授',0,17,69,5,8,58.8,35.3,0,5.9,0,0,0,0),(990,'博士','中国科学院计算技术研究所','张志斌','教授',0,38,153,7,12,81.6,18.4,0,0,0,0,0,0),(991,'博士','北京交通大学电子信息工程学院','宁滨','教授',0,130,731,16,21,79.2,15.4,1.5,3.9,0,0,0,0),(992,'博士','北京交通大学电子信息工程学院','董海荣','教授',0,28,85,5,8,71.4,21.4,3.6,3.6,0,0,0,0),(993,'博士','中国科学院计算技术研究所','章隆兵','教授',0,46,282,8,15,80.4,17.4,2.2,0,0,0,0,0),(994,'博士','北京交通大学电子信息工程学院','朱刚','教授',0,101,826,17,25,76.2,21.8,1,1,0,0,0,0),(995,'博士','中国科学院计算技术研究所','沈华伟','教授',0,24,338,8,18,79.2,16.7,4.1,0,0,0,0,0),(996,'博士','北京交通大学电子信息工程学院','陶成','教授',0,56,346,10,17,75,25,0,0,0,0,0,0),(997,'博士','北京交通大学电子信息工程学院','熊磊','教授',0,50,345,10,17,66,30,2,2,0,0,0,0),(998,'博士','北京交通大学电子信息工程学院','贾凡','教授',0,13,31,4,5,61.5,30.8,7.7,0,0,0,0,0),(999,'博士','北京交通大学电子信息工程学院','李勇','教授',0,28,470,9,21,46.4,28.6,17.9,7.1,0,0,0,0),(1000,'博士','北京交通大学电子信息工程学院','曹源','教授',0,80,367,11,18,78.8,13.8,2.5,4.9,0,0,0,0),(1001,'博士','中国科学院计算技术研究所','韩晓明','教授',0,4,92,3,0,0,0,0,0,0,0,0,0),(1002,'博士','中国科学院计算技术研究所','余智华','教授',0,27,486,12,22,74.1,25.9,0,0,0,0,0,0),(1003,'博士','中国科学院计算技术研究所','沈燕飞','教授',0,45,303,9,16,53.3,37.8,6.7,2.2,0,0,0,0),(1004,'博士','北京交通大学电子信息工程学院','蔡伯根','教授',0,124,949,16,26,87.1,10.5,0,2.4,0,0,0,0),(1005,'博士','清华大学微电子学研究所','蔡坚','教授',0,83,257,8,13,50.6,43.4,6,0,0,0,0,0),(1006,'博士','清华大学微电子学研究所','伍晓明','教授',0,32,98,4,8,53.1,40.6,6.3,0,0,0,0,0),(1007,'博士','中国科学院计算技术研究所','谭光明','教授',0,49,332,10,17,46.9,49,4.1,0,0,0,0,0),(1008,'博士','中国科学院计算技术研究所','朱珍民','教授',0,148,620,13,19,62.2,36.5,1.3,0,0,0,0,0),(1009,'博士','北京理工大学计算机学院','郭贵锁','教授',0,14,18,3,4,0,0,0,0,0,0,0,0),(1010,'博士','北京理工大学计算机学院','计卫星','教授',0,50,182,7,11,64,28,8,0,0,0,0,0),(1011,'博士','北京理工大学计算机学院','陆耀','教授',0,6,25,3,5,83.3,16.7,0,0,0,0,0,0),(1012,'博士','北京理工大学计算机学院','樊孝忠','教授',0,162,2085,24,39,81.5,17.9,0.6,0,0,0,0,0),(1013,'博士','北京理工大学计算机学院','黄华','教授',0,33,206,8,13,87.9,12.1,0,0,0,0,0,0),(1014,'博士','北京理工大学计算机学院','王贵珍','教授',0,9,6,1,1,0,0,0,0,0,0,0,0),(1015,'博士','北京理工大学计算机学院','王娟','教授',0,17,27,3,3,94.1,5.9,0,0,0,0,0,0),(1016,'博士','北京理工大学计算机学院','李小平','教授',0,43,537,9,23,83.7,14,2.3,0,0,0,0,0),(1017,'博士','北京理工大学计算机学院','张子剑','教授',0,13,44,4,6,69.2,15.4,15.4,0,0,0,0,0),(1018,'博士','北京理工大学计算机学院','刘美华','教授',0,8,38,4,6,0,0,0,0,0,0,0,0),(1019,'博士','北京理工大学计算机学院','李侃','教授',0,16,23,3,4,81.2,18.8,0,0,0,0,0,0),(1020,'博士','中国科学院计算技术研究所','胡金龙','教授',0,25,129,5,11,56,44,0,0,0,0,0,0),(1021,'博士','中国科学院计算技术研究所','付斌章','教授',0,3,19,2,0,33.3,66.7,0,0,0,0,0,0),(1022,'博士','中国科学院计算技术研究所','樊建平','教授',0,88,551,13,20,64.8,33,2.2,0,0,0,0,0),(1023,'博士','中国科学院计算技术研究所','李军','教授',0,128,805,16,24,75,7.8,0.8,16.4,0,0,0,0),(1024,'博士','中国科学院计算技术研究所','吴冬冬','教授',0,6,47,4,0,83.3,16.7,0,0,0,0,0,0),(1025,'博士','中国科学院计算技术研究所','安学军','教授',0,37,46,4,4,51.4,37.8,0,10.8,0,0,0,0),(1026,'博士','中国科学院计算技术研究所','吴承勇','教授',0,29,174,7,12,75.9,17.2,3.4,3.5,0,0,0,0),(1027,'博士','中国科学院计算技术研究所','邢晶','教授',0,6,12,1,3,83.3,16.7,0,0,0,0,0,0),(1028,'博士','中国科学院自动化研究所','林红权','教授',0,21,98,5,9,76.2,23.8,0,0,0,0,0,0),(1029,'博士','北京理工大学计算机学院','郑宏','教授',0,3,62,0,0,0,0,0,0,0,0,0,0),(1030,'博士','北京理工大学计算机学院','蒋本珊','教授',0,22,128,6,11,86.4,13.6,0,0,0,0,0,0),(1031,'博士','北京理工大学计算机学院','程成','教授',0,3,8,1,2,0,0,0,0,0,0,0,0),(1032,'博士','北京理工大学计算机学院','卫晋','教授',0,6,20,3,4,83.3,16.7,0,0,0,0,0,0),(1033,'博士','北京理工大学计算机学院','廖乐健','教授',0,75,551,11,22,61.3,28,9.3,1.4,0,0,0,0),(1034,'博士','北京理工大学计算机学院','郑军','教授',0,5,23,2,4,0,0,0,0,0,0,0,0),(1035,'博士','中国科学院自动化研究所','潘春洪','教授',0,49,240,9,14,59.2,32.7,6.1,2,0,0,0,0),(1036,'博士','北京理工大学计算机学院','宿红毅','教授',0,43,389,10,19,62.8,32.6,4.6,0,0,0,0,0),(1037,'博士','北京理工大学计算机学院','陆慧梅','教授',0,17,174,8,13,88.2,5.9,5.9,0,0,0,0,0),(1038,'博士','北京理工大学计算机学院','宋晔','教授',0,8,4,1,2,25,75,0,0,0,0,0,0),(1039,'博士','北京理工大学计算机学院','汤世平','教授',0,7,56,4,0,0,0,0,0,0,0,0,0),(1040,'博士','北京理工大学计算机学院','李元章','教授',0,24,43,4,5,87.5,12.5,0,0,0,0,0,0),(1041,'博士','中国科学院自动化研究所','陶建华','教授',0,155,702,14,20,43.9,50.3,3.2,2.6,0,0,0,0),(1042,'博士','中国科学院自动化研究所','霍春雷','教授',0,3,71,0,0,66.7,33.3,0,0,0,0,0,0),(1043,'博士','中国科学院自动化研究所','郑榕','教授',0,6,25,2,5,66.7,33.3,0,0,0,0,0,0),(1044,'博士','中国科学院自动化研究所','康孟珍','教授',0,10,160,6,0,90,0,0,10,0,0,0,0),(1045,'博士','中国科学院自动化研究所','杜清秀','教授',0,26,226,10,14,65.4,23.1,11.5,0,0,0,0,0),(1046,'博士','中国科学院自动化研究所','谢启伟','教授',0,11,33,3,5,0,0,0,0,0,0,0,0),(1047,'博士','中国科学院自动化研究所','范国梁','教授',0,33,90,6,7,42.4,54.5,0,3.1,0,0,0,0),(1048,'博士','中国科学院自动化研究所','高一波','教授',0,21,129,6,11,47.6,47.6,4.8,0,0,0,0,0),(1049,'博士','中国科学院计算技术研究所','刘宏','教授',0,4,169,0,0,75,25,0,0,0,0,0,0),(1050,'博士','中国科学院计算技术研究所','郑天垚','教授',0,5,69,3,0,0,0,0,0,0,0,0,0),(1051,'博士','中国科学院计算技术研究所','郭嘉丰','教授',0,56,311,10,15,41.1,50,8.9,0,0,0,0,0),(1052,'博士','中国科学院计算技术研究所','张军伟','教授',0,11,17,2,4,90.9,0,0,9.1,0,0,0,0),(1053,'博士','北京理工大学计算机学院','刘琼昕','教授',0,12,40,3,6,91.7,8.3,0,0,0,0,0,0),(1054,'博士','北京理工大学计算机学院','牛振东','教授',0,28,159,8,12,42.9,53.6,3.5,0,0,0,0,0),(1055,'博士','北京理工大学计算机学院','石峰','教授',0,6,33,2,5,66.7,33.3,0,0,0,0,0,0),(1056,'博士','北京理工大学计算机学院','曲大成','教授',0,15,160,6,12,0,0,0,0,0,0,0,0),(1057,'博士','北京理工大学计算机学院','李建武','教授',0,7,16,3,3,85.7,14.3,0,0,0,0,0,0),(1058,'博士','北京理工大学计算机学院','李仲君','教授',0,5,51,4,0,0,0,0,0,0,0,0,0),(1059,'博士','北京理工大学计算机学院','王全玉','教授',0,28,67,6,7,71.4,28.6,0,0,0,0,0,0),(1060,'博士','北京理工大学计算机学院','刘峡壁','教授',0,27,217,9,13,55.6,37,7.4,0,0,0,0,0),(1061,'博士','北京理工大学计算机学院','李冬妮','教授',0,4,26,2,0,0,0,0,0,0,0,0,0),(1062,'博士','北京理工大学计算机学院','梁玮','教授',0,8,80,4,0,50,50,0,0,0,0,0,0),(1063,'博士','北京理工大学计算机学院','赵清杰','教授',0,8,57,2,7,62.5,37.5,0,0,0,0,0,0),(1064,'博士','中国科学院计算技术研究所','陈益强','教授',0,163,1359,20,30,55.2,33.7,8.6,2.5,0,0,0,0),(1065,'博士','中国科学院计算技术研究所','孙凝晖','教授',0,182,875,17,22,56.6,37.9,2.7,2.8,0,0,0,0),(1066,'博士','中国科学院计算技术研究所','刘淘英','教授',0,11,159,6,0,90.9,9.1,0,0,0,0,0,0),(1067,'博士','中国科学院计算技术研究所','金舒原','教授',0,7,56,3,0,0,0,0,0,0,0,0,0),(1068,'博士','中国科学院计算技术研究所','曹存根','教授',0,144,1013,17,26,79.2,7.6,11.8,1.4,0,0,0,0),(1069,'博士','中国科学院计算技术研究所','卜东波','教授',0,39,2149,13,0,69.2,20.5,2.6,7.7,0,0,0,0),(1070,'博士','中国科学院计算技术研究所','毕经平','教授',0,74,421,12,19,60.8,31.1,6.8,1.3,0,0,0,0),(1071,'博士','中国科学院计算技术研究所','庄福振','教授',0,6,19,3,4,0,0,0,0,0,0,0,0),(1072,'博士','中国科学院计算技术研究所','冯晓兵','教授',0,76,320,9,13,75,17.1,5.3,2.6,0,0,0,0),(1073,'博士','北京理工大学计算机学院','张利萍','教授',0,48,282,10,14,83.3,14.6,0,2.1,0,0,0,0),(1074,'博士','北京理工大学计算机学院','嵩天','教授',0,12,19,3,4,83.3,16.7,0,0,0,0,0,0),(1075,'博士','北京理工大学计算机学院','张文耀','教授',0,17,29,4,5,64.7,35.3,0,0,0,0,0,0),(1076,'博士','北京理工大学计算机学院','高春晓','教授',0,15,193,5,13,80,20,0,0,0,0,0,0),(1077,'博士','北京理工大学计算机学院','贾云得','教授',0,193,2091,23,39,63.2,30.6,6.2,0,0,0,0,0),(1078,'博士','北京理工大学计算机学院','秦怀青','教授',0,3,12,2,0,66.7,33.3,0,0,0,0,0,0),(1079,'博士','北京理工大学计算机学院','刘辉','教授',0,102,569,13,19,82.4,16.7,0.9,0,0,0,0,0),(1080,'博士','北京理工大学计算机学院','吴心筱','教授',0,5,29,2,0,80,20,0,0,0,0,0,0),(1081,'博士','北京理工大学计算机学院','李凤霞','教授',0,138,602,14,19,65.9,28.3,3.6,2.2,0,0,0,0),(1082,'博士','北京理工大学计算机学院','陈英','教授',0,59,518,13,21,83.1,16.9,0,0,0,0,0,0),(1083,'博士','北京理工大学计算机学院','张磊','教授',0,39,73,5,7,69.2,30.8,0,0,0,0,0,0),(1084,'博士','北京理工大学自动化学院','姚小兰','教授',0,45,81,5,7,64.4,35.6,0,0,0,0,0,0),(1085,'博士','中国科学院计算技术研究所','王贞松','教授',0,102,596,13,18,85.3,14.7,0,0,0,0,0,0),(1086,'博士','北京理工大学自动化学院','郑戍华','教授',0,15,85,5,8,86.7,13.3,0,0,0,0,0,0),(1087,'博士','中国科学院计算技术研究所','钱跃良','教授',0,47,305,8,16,61.7,25.5,8.5,4.3,0,0,0,0),(1088,'博士','北京理工大学自动化学院','董明杰','教授',0,20,11,2,2,65,35,0,0,0,0,0,0),(1089,'博士','北京理工大学自动化学院','廖晓钟','教授',0,111,1241,20,31,64,33.3,1.8,0.9,0,0,0,0),(1090,'博士','中国科学院计算技术研究所','张佩珩','教授',0,23,155,9,11,69.6,26.1,4.3,0,0,0,0,0),(1091,'博士','北京理工大学自动化学院','徐建华','教授',0,20,127,6,11,90,10,0,0,0,0,0,0),(1092,'博士','中国科学院计算技术研究所','韩银和','教授',0,135,1273,16,32,56.3,40.7,1.5,1.5,0,0,0,0),(1093,'博士','中国科学院计算技术研究所','李栋','教授',0,390,3218,26,46,71.8,14.6,2.3,11.3,0,0,0,0),(1094,'博士','北京理工大学自动化学院','李金仓','教授',0,11,81,4,9,90.9,9.1,0,0,0,0,0,0),(1095,'博士','中国科学院计算技术研究所','李忠诚','教授',0,266,2778,28,39,62.4,33.1,3.4,1.1,0,0,0,0),(1096,'博士','北京理工大学自动化学院','沙德尚','教授',0,23,123,7,10,91.3,8.7,0,0,0,0,0,0),(1097,'博士','中国科学院计算技术研究所','郭岩','教授',0,29,467,11,21,62.1,24.1,6.9,6.9,0,0,0,0);

/*Table structure for table `t_uploadinfo` */

DROP TABLE IF EXISTS `t_uploadinfo`;

CREATE TABLE `t_uploadinfo` (
  `id` int(11) NOT NULL AUTO_INCREMENT,
  `fileType` int(11) NOT NULL,
  `projectId` int(11) NOT NULL,
  `upLoadDataSetFieldDis` varchar(255) DEFAULT NULL,
  `upLoadDataSetFileDis` varchar(255) DEFAULT NULL,
  `uploadPath` varchar(500) DEFAULT NULL,
  `username` varchar(255) DEFAULT NULL,
  `filename` varchar(255) DEFAULT NULL,
  PRIMARY KEY (`id`)
) ENGINE=InnoDB AUTO_INCREMENT=64 DEFAULT CHARSET=utf8;

/*Data for the table `t_uploadinfo` */

insert  into `t_uploadinfo`(`id`,`fileType`,`projectId`,`upLoadDataSetFieldDis`,`upLoadDataSetFileDis`,`uploadPath`,`username`,`filename`) values (1,1,20,NULL,NULL,'D:\\Study\\JavaEE\\Servers\\apache-tomcat-x64_eclipse\\apache-tomcat-7.0.57-windows-x64\\apache-tomcat-7.0.57\\webapps\\scholarprofile\\upload\\zhang三\\20\\enclosure\\mailreport','zhang三',NULL),(2,1,25,NULL,NULL,'D:\\Study\\JavaEE\\Servers\\apache-tomcat-x64_eclipse\\apache-tomcat-7.0.57-windows-x64\\apache-tomcat-7.0.57\\webapps\\scholarprofile\\upload\\zhang三\\25\\enclosure\\mailreport','zhang三',NULL),(3,2,25,'字段描述1','文件描述1','D:\\Study\\JavaEE\\Servers\\apache-tomcat-x64_eclipse\\apache-tomcat-7.0.57-windows-x64\\apache-tomcat-7.0.57\\webapps\\scholarprofile\\upload\\zhang三\\25\\dataset\\mailreport (1)','zhang三',NULL),(4,2,25,'字段描述2','文件描述2','D:\\Study\\JavaEE\\Servers\\apache-tomcat-x64_eclipse\\apache-tomcat-7.0.57-windows-x64\\apache-tomcat-7.0.57\\webapps\\scholarprofile\\upload\\zhang三\\25\\dataset\\mailreport (2)','zhang三',NULL),(5,1,26,NULL,NULL,'D:\\Study\\JavaEE\\Servers\\apache-tomcat-x64_eclipse\\apache-tomcat-7.0.57-windows-x64\\apache-tomcat-7.0.57\\webapps\\scholarprofile\\upload\\zhang三\\26\\enclosure\\mailreport (2)','zhang三',NULL),(6,2,26,'字段1','aaa','D:\\Study\\JavaEE\\Servers\\apache-tomcat-x64_eclipse\\apache-tomcat-7.0.57-windows-x64\\apache-tomcat-7.0.57\\webapps\\scholarprofile\\upload\\zhang三\\26\\dataset\\mailreport (2)','zhang三',NULL),(7,1,32,NULL,NULL,'D:\\Study\\JavaEE\\Servers\\apache-tomcat-x64_eclipse\\apache-tomcat-7.0.57-windows-x64\\apache-tomcat-7.0.57\\webapps\\scholarprofile\\upload\\zhang三\\32\\enclosure\\mailreport (2)','zhang三',NULL),(8,2,32,'bbb','aaa','D:\\Study\\JavaEE\\Servers\\apache-tomcat-x64_eclipse\\apache-tomcat-7.0.57-windows-x64\\apache-tomcat-7.0.57\\webapps\\scholarprofile\\upload\\zhang三\\32\\dataset\\mailreport','zhang三',NULL),(9,1,41,NULL,NULL,'D:\\Study\\JavaEE\\Servers\\apache-tomcat-x64_eclipse\\apache-tomcat-7.0.57-windows-x64\\apache-tomcat-7.0.57\\webapps\\scholarprofile\\upload\\zhang三\\41\\enclosure\\mailreport','zhang三','mailreport'),(10,1,41,NULL,NULL,'D:\\Study\\JavaEE\\Servers\\apache-tomcat-x64_eclipse\\apache-tomcat-7.0.57-windows-x64\\apache-tomcat-7.0.57\\webapps\\scholarprofile\\upload\\zhang三\\41\\enclosure\\mailreport (1)','zhang三','mailreport (1)'),(11,2,41,'333','33','D:\\Study\\JavaEE\\Servers\\apache-tomcat-x64_eclipse\\apache-tomcat-7.0.57-windows-x64\\apache-tomcat-7.0.57\\webapps\\scholarprofile\\upload\\zhang三\\41\\dataset\\mailreport (3)','zhang三','mailreport (3)'),(12,1,41,NULL,NULL,'D:\\Study\\JavaEE\\Servers\\apache-tomcat-x64_eclipse\\apache-tomcat-7.0.57-windows-x64\\apache-tomcat-7.0.57\\webapps\\scholarprofile\\upload\\zhang三\\41\\enclosure\\1453464116955_mailreport','zhang三','1453464116955_mailreport'),(13,1,41,NULL,NULL,'D:\\Study\\JavaEE\\Servers\\apache-tomcat-x64_eclipse\\apache-tomcat-7.0.57-windows-x64\\apache-tomcat-7.0.57\\webapps\\scholarprofile\\upload\\zhang三\\41\\enclosure\\1453464116963_mailreport (1)','zhang三','1453464116963_mailreport (1)'),(14,2,41,'333','33','D:\\Study\\JavaEE\\Servers\\apache-tomcat-x64_eclipse\\apache-tomcat-7.0.57-windows-x64\\apache-tomcat-7.0.57\\webapps\\scholarprofile\\upload\\zhang三\\41\\dataset\\1453464116970_mailreport (3)','zhang三','1453464116970_mailreport (3)'),(15,2,41,'444','44','D:\\Study\\JavaEE\\Servers\\apache-tomcat-x64_eclipse\\apache-tomcat-7.0.57-windows-x64\\apache-tomcat-7.0.57\\webapps\\scholarprofile\\upload\\zhang三\\41\\dataset\\1453464116976_mailreport (4)','zhang三','1453464116976_mailreport (4)'),(16,1,42,NULL,NULL,'D:\\Study\\JavaEE\\Servers\\apache-tomcat-x64_eclipse\\apache-tomcat-7.0.57-windows-x64\\apache-tomcat-7.0.57\\webapps\\scholarprofile\\upload\\zhang三\\42\\enclosure','zhang三',''),(17,2,42,'2222','1111','D:\\Study\\JavaEE\\Servers\\apache-tomcat-x64_eclipse\\apache-tomcat-7.0.57-windows-x64\\apache-tomcat-7.0.57\\webapps\\scholarprofile\\upload\\zhang三\\42\\dataset\\mailreport (1)','zhang三','mailreport (1)'),(18,1,43,NULL,NULL,'D:\\Study\\JavaEE\\Servers\\apache-tomcat-x64_eclipse\\apache-tomcat-7.0.57-windows-x64\\apache-tomcat-7.0.57\\webapps\\scholarprofile\\upload\\zhang三\\43\\enclosure','zhang三',''),(19,1,44,NULL,NULL,'D:\\Study\\JavaEE\\Servers\\apache-tomcat-x64_eclipse\\apache-tomcat-7.0.57-windows-x64\\apache-tomcat-7.0.57\\webapps\\scholarprofile\\upload\\zhang三\\44\\enclosure','zhang三',''),(20,2,44,'222','111','D:\\Study\\JavaEE\\Servers\\apache-tomcat-x64_eclipse\\apache-tomcat-7.0.57-windows-x64\\apache-tomcat-7.0.57\\webapps\\scholarprofile\\upload\\zhang三\\44\\dataset\\mailreport (2)','zhang三','mailreport (2)'),(21,2,44,'','444','D:\\Study\\JavaEE\\Servers\\apache-tomcat-x64_eclipse\\apache-tomcat-7.0.57-windows-x64\\apache-tomcat-7.0.57\\webapps\\scholarprofile\\upload\\zhang三\\44\\dataset\\mailreport (3)','zhang三','mailreport (3)'),(22,1,45,NULL,NULL,'D:\\Study\\JavaEE\\Servers\\apache-tomcat-x64_eclipse\\apache-tomcat-7.0.57-windows-x64\\apache-tomcat-7.0.57\\webapps\\scholarprofile\\upload\\zhang三\\45\\enclosure\\mailreport (1)','zhang三','mailreport (1)'),(23,2,45,'yyyy','ttt','D:\\Study\\JavaEE\\Servers\\apache-tomcat-x64_eclipse\\apache-tomcat-7.0.57-windows-x64\\apache-tomcat-7.0.57\\webapps\\scholarprofile\\upload\\zhang三\\45\\dataset\\mailreport (3)','zhang三','mailreport (3)'),(24,1,47,NULL,NULL,'D:\\Study\\JavaEE\\Servers\\apache-tomcat-x64_eclipse\\apache-tomcat-7.0.57-windows-x64\\apache-tomcat-7.0.57\\webapps\\scholarprofile\\upload\\zhang三\\47\\enclosure\\mailreport','zhang三','mailreport'),(25,1,47,NULL,NULL,'D:\\Study\\JavaEE\\Servers\\apache-tomcat-x64_eclipse\\apache-tomcat-7.0.57-windows-x64\\apache-tomcat-7.0.57\\webapps\\scholarprofile\\upload\\zhang三\\47\\enclosure\\mailreport (2)','zhang三','mailreport (2)'),(26,2,47,'第九个字段描述','第九个文件描述','D:\\Study\\JavaEE\\Servers\\apache-tomcat-x64_eclipse\\apache-tomcat-7.0.57-windows-x64\\apache-tomcat-7.0.57\\webapps\\scholarprofile\\upload\\zhang三\\47\\dataset\\mailreport (9)','zhang三','mailreport (9)'),(27,2,47,'第十个字段描述','第十个文件描述','D:\\Study\\JavaEE\\Servers\\apache-tomcat-x64_eclipse\\apache-tomcat-7.0.57-windows-x64\\apache-tomcat-7.0.57\\webapps\\scholarprofile\\upload\\zhang三\\47\\dataset\\mailreport (10)','zhang三','mailreport (10)'),(28,1,48,NULL,NULL,'D:\\Study\\JavaEE\\Servers\\apache-tomcat-x64_eclipse\\apache-tomcat-7.0.57-windows-x64\\apache-tomcat-7.0.57\\webapps\\scholarprofile\\upload\\zhang三\\48\\enclosure\\[ZXPT]精武风云.torrent','zhang三','[ZXPT]精武风云.torrent'),(29,1,48,NULL,NULL,'D:\\Study\\JavaEE\\Servers\\apache-tomcat-x64_eclipse\\apache-tomcat-7.0.57-windows-x64\\apache-tomcat-7.0.57\\webapps\\scholarprofile\\upload\\zhang三\\48\\enclosure\\[ZXPT]Let\'s-python-wmv.torrent','zhang三','[ZXPT]Let\'s-python-wmv.torrent'),(31,1,49,NULL,NULL,'D:\\Study\\JavaEE\\Servers\\apache-tomcat-x64_eclipse\\apache-tomcat-7.0.57-windows-x64\\apache-tomcat-7.0.57\\webapps\\scholarprofile\\upload\\zhang三\\49\\enclosure\\mailreport (3)','zhang三','mailreport (3)'),(32,1,50,NULL,NULL,'D:\\Study\\JavaEE\\Servers\\apache-tomcat-x64_eclipse\\apache-tomcat-7.0.57-windows-x64\\apache-tomcat-7.0.57\\webapps\\scholarprofile\\upload\\zhang三\\50\\enclosure\\[ZXPT]精武风云.torrent','zhang三','[ZXPT]精武风云.torrent'),(33,1,51,NULL,NULL,'D:\\Study\\JavaEE\\Servers\\apache-tomcat-x64_eclipse\\apache-tomcat-7.0.57-windows-x64\\apache-tomcat-7.0.57\\webapps\\scholarprofile\\upload\\zhang三\\51\\enclosure\\mailreport (6)','zhang三','mailreport (6)'),(34,1,52,NULL,NULL,'D:\\Study\\JavaEE\\Servers\\apache-tomcat-x64_eclipse\\apache-tomcat-7.0.57-windows-x64\\apache-tomcat-7.0.57\\webapps\\scholarprofile\\upload\\zhang三\\52\\enclosure\\mailreport (6)','zhang三','mailreport (6)'),(35,1,53,NULL,NULL,'D:\\Study\\JavaEE\\Servers\\apache-tomcat-x64_eclipse\\apache-tomcat-7.0.57-windows-x64\\apache-tomcat-7.0.57\\webapps\\scholarprofile\\upload\\zhang三\\53\\enclosure\\mailreport','zhang三','mailreport'),(36,1,71,NULL,NULL,'/usr/local/apache-tomcat-7.0.67/webapps/scholarprofile/upload/13/71/enclosure/SQL语法总结','13','SQL语法总结'),(37,1,76,NULL,NULL,'/usr/local/upload/56/76/enclosure/SQL语法总结','56','SQL语法总结'),(38,2,76,'这是字段描述','这是文件描述','/usr/local/upload/56/76/dataset/命令行启动openoffice.txt','56','命令行启动openoffice.txt'),(39,1,125,NULL,NULL,'14/125/enclosure/东北大学 赵家兴 硕士二年级 模式识别与智能系统.doc','14','东北大学 赵家兴 硕士二年级 模式识别与智能系统.doc'),(40,1,126,NULL,NULL,'14/126/enclosure/实习_数据工程师实习生_朱述政_中央财经大学.doc','14','实习_数据工程师实习生_朱述政_中央财经大学.doc'),(41,1,130,NULL,NULL,'upload/130/enclosure/安小静   西安电子科大  电子与通信工程  硕士 (1).doc','14','安小静   西安电子科大  电子与通信工程  硕士 (1).doc'),(42,1,136,NULL,NULL,'/home/yongliu/Programs/apache-tomcat-7.0.68/webapps/scholarprofile/WEB-INF/upload/14/136/enclosure/安小静   西安电子科大  电子与通信工程  硕士 (1).doc','14','安小静   西安电子科大  电子与通信工程  硕士 (1).doc'),(43,1,139,NULL,NULL,'/home/yongliu/Programs/apache-tomcat-7.0.68/webapps/scholarprofile/WEB-INF/upload/14/139/enclosure/问题记录','14','问题记录'),(44,1,140,NULL,NULL,'/home/yongliu/Programs/apache-tomcat-7.0.68/webapps/scholarprofile/WEB-INF/upload/14/140/enclosure/系统记录','14','系统记录'),(49,1,142,NULL,NULL,'/home/yongliu/Programs/apache-tomcat-7.0.68/webapps/scholarprofile/WEB-INF/upload/14/142/enclosure/fujian','14','fujian'),(50,2,142,'1212','1212','/home/yongliu/Programs/apache-tomcat-7.0.68/webapps/scholarprofile/WEB-INF/upload/14/142/dataset/shujuji','14','shujuji'),(53,1,143,NULL,NULL,'/usr/local/upload/14/143/enclosure/fujian','14','fujian'),(54,2,143,'121212','12','/usr/local/upload/14/143/dataset/shujuji','14','shujuji'),(55,1,144,NULL,NULL,'/home/yongliu/Programs/apache-tomcat-7.0.68/webapps/scholarprofile/WEB-INF/upload/14/144/enclosure/fujian','14','fujian'),(56,1,144,NULL,NULL,'/home/yongliu/Programs/apache-tomcat-7.0.68/webapps/scholarprofile/WEB-INF/upload/14/144/enclosure/fujian (copy)','14','fujian (copy)'),(57,1,144,NULL,NULL,'/home/yongliu/Programs/apache-tomcat-7.0.68/webapps/scholarprofile/WEB-INF/upload/14/144/enclosure/fujian (another copy)','14','fujian (another copy)'),(58,2,144,'11','1','/home/yongliu/Programs/apache-tomcat-7.0.68/webapps/scholarprofile/WEB-INF/upload/14/144/dataset/shujuji','14','shujuji'),(59,2,144,'22','2','/home/yongliu/Programs/apache-tomcat-7.0.68/webapps/scholarprofile/WEB-INF/upload/14/144/dataset/shujuji (copy)','14','shujuji (copy)'),(60,2,144,'33','3','/home/yongliu/Programs/apache-tomcat-7.0.68/webapps/scholarprofile/WEB-INF/upload/14/144/dataset/shujuji (another copy)','14','shujuji (another copy)'),(61,1,145,NULL,NULL,'/home/yongliu/Programs/apache-tomcat-7.0.68/webapps/scholarprofile/WEB-INF/upload/14/145/enclosure/Plan.txt','14','Plan.txt'),(62,1,152,NULL,NULL,'/home/yongliu/Programs/apache-tomcat-7.0.68/webapps/scholarupload/14/152/enclosure/fujian','14','fujian'),(63,1,170,NULL,NULL,'D:\\study\\server\\apache-tomcat-7.0.57\\webapps\\scholarupload\\60\\170\\enclosure\\schema.xml','60','schema.xml');

/*Table structure for table `t_userinfo` */

DROP TABLE IF EXISTS `t_userinfo`;

CREATE TABLE `t_userinfo` (
  `id` int(11) NOT NULL AUTO_INCREMENT,
  `companyName` varchar(255) DEFAULT NULL,
  `curPosition` varchar(255) DEFAULT NULL,
  `email` varchar(255) DEFAULT NULL,
  `industryAndFunctional` varchar(255) DEFAULT NULL,
  `interestField` varchar(255) DEFAULT NULL,
  `maxDegree` varchar(255) DEFAULT NULL,
  `password` varchar(255) DEFAULT NULL,
  `phone` varchar(255) DEFAULT NULL,
  `realName` varchar(255) DEFAULT NULL,
  `sex` varchar(255) DEFAULT NULL,
  `username` varchar(255) DEFAULT NULL,
  `workPlace` varchar(255) DEFAULT NULL,
  `birthday` date DEFAULT NULL,
  `worklife` varchar(255) DEFAULT NULL,
  `registerNumber` varchar(255) DEFAULT NULL,
  `registerType` int(11) NOT NULL,
  `thirdPartyUsername` varchar(255) DEFAULT NULL,
  PRIMARY KEY (`id`)
) ENGINE=InnoDB AUTO_INCREMENT=62 DEFAULT CHARSET=utf8;

/*Data for the table `t_userinfo` */

insert  into `t_userinfo`(`id`,`companyName`,`curPosition`,`email`,`industryAndFunctional`,`interestField`,`maxDegree`,`password`,`phone`,`realName`,`sex`,`username`,`workPlace`,`birthday`,`worklife`,`registerNumber`,`registerType`,`thirdPartyUsername`) values (1,NULL,NULL,'773897474@qq.com',NULL,NULL,NULL,'DFFCFDMAEALBBEMMLELC@EB','18811110000',NULL,NULL,'zhangsan',NULL,NULL,NULL,NULL,0,NULL),(2,NULL,NULL,'1752805155@qq.com',NULL,NULL,NULL,'BBLLLEGFL@GF@BLEAFA@C',NULL,NULL,NULL,'pangchao',NULL,NULL,NULL,NULL,0,NULL),(3,NULL,NULL,'1046906153@qq.com',NULL,NULL,NULL,'FAMCM@GFG@AGLLAAELEEBF@D',NULL,NULL,NULL,'pangchao1',NULL,NULL,NULL,NULL,0,NULL),(4,NULL,NULL,'pangchao2@163.com',NULL,NULL,NULL,'BBLLLEGFL@GF@BLEAFA@C',NULL,NULL,NULL,'pangchao2',NULL,NULL,NULL,NULL,0,NULL),(5,NULL,NULL,'pangchao3@163.com',NULL,NULL,NULL,'BBLLLEGFL@GF@BLEAFA@C',NULL,NULL,NULL,'pangchao3',NULL,NULL,NULL,NULL,0,NULL),(6,'','','aa@qq.com','','','','BGMBEFCCLGEFLGEFL','','庞超','女','aa','','2016-01-08','应届毕业生',NULL,0,NULL),(7,NULL,NULL,NULL,NULL,NULL,NULL,'MFDC@EFACD@FLMGCAM',NULL,NULL,NULL,'17001109510',NULL,NULL,NULL,'17001109510',0,NULL),(8,NULL,NULL,NULL,NULL,NULL,NULL,'LACED@@DMGL@GABL',NULL,NULL,NULL,'18813038299',NULL,NULL,NULL,'18813038299',0,NULL),(9,NULL,NULL,NULL,NULL,NULL,NULL,'EDGM@MAMABDACFDLLG',NULL,NULL,NULL,'18813001277',NULL,NULL,NULL,'18813001277',0,NULL),(10,'百度','ceo','1752805155@bjtu.edu.cn','百度ceo','机器学习','硕士','EDGM@MAMABDACFDLLG','18813038299','庞超','男','123456','北京交通大学','2016-01-01','在读学生',NULL,0,NULL),(11,NULL,NULL,'pangchao222@163.com',NULL,NULL,'','FBLADDEECF@M@@AMLM@LG',NULL,'pang','男','pangchao222','',NULL,'',NULL,0,NULL),(12,'','','liuyong111@163.com','','','','AMDCGC@A@DEDGL@ABGFEAF','','刘勇','男','liuyong111','',NULL,'',NULL,0,NULL),(13,NULL,NULL,'zhang111@163.com',NULL,NULL,'','FFDB@MCEMAF@DGGEB@@A',NULL,'zhang','男','zhang111','',NULL,'',NULL,0,NULL),(14,'','','1046906153@qq.com','','','','EDGM@MAMABDACFDLLG','','','男','1046906153','',NULL,'',NULL,0,NULL),(15,NULL,NULL,'10469061531@qq.com',NULL,NULL,NULL,'EDGM@MAMABDACFDLLG',NULL,NULL,NULL,'10469061531',NULL,NULL,NULL,NULL,0,NULL),(16,NULL,NULL,'1046906153eeeeee@qq.com',NULL,NULL,NULL,'EDGM@MAMABDACFDLLG',NULL,NULL,NULL,'1046906153eeeeee',NULL,NULL,NULL,NULL,0,NULL),(17,'','','1046@qq.com','','','','EDGM@MAMABDACFDLLG','','','男','1046','',NULL,'',NULL,0,NULL),(18,NULL,NULL,'test@qq.com',NULL,NULL,NULL,'EDGM@MAMABDACFDLLG',NULL,NULL,NULL,'test',NULL,NULL,NULL,NULL,0,NULL),(19,NULL,NULL,'test12@qq.com',NULL,NULL,NULL,'EDGM@MAMABDACFDLLG',NULL,NULL,NULL,'test12',NULL,NULL,NULL,NULL,0,NULL),(20,NULL,NULL,'773897474@qq.com',NULL,NULL,NULL,'EDGM@MAMABDACFDLLG',NULL,NULL,NULL,'773897474',NULL,NULL,NULL,NULL,0,NULL),(21,NULL,NULL,NULL,NULL,NULL,NULL,'MAEMMGMFMLBAECCC',NULL,NULL,NULL,'15002277339',NULL,NULL,NULL,'15002277339',0,NULL),(22,NULL,NULL,NULL,NULL,NULL,NULL,'GEBFMBBMFAAEGM@LEEDLG@E@G',NULL,NULL,NULL,'15002277335',NULL,NULL,NULL,'15002277335',0,NULL),(23,NULL,NULL,NULL,NULL,NULL,NULL,'EDGM@MAMABDACFDLLG',NULL,NULL,NULL,'15002277331',NULL,NULL,NULL,'15002277331',0,NULL),(24,NULL,NULL,NULL,NULL,NULL,'','EDGM@MAMABDACFDLLG',NULL,'','男','15002277345','',NULL,'','15002277345',0,NULL),(25,NULL,NULL,NULL,NULL,NULL,NULL,'EDGM@MAMABDACFDLLG',NULL,NULL,NULL,'15002277111',NULL,NULL,NULL,'15002277111',0,NULL),(26,NULL,NULL,NULL,NULL,NULL,NULL,'EDGM@MAMABDACFDLLG',NULL,NULL,NULL,'15002277444',NULL,NULL,NULL,'15002277444',0,NULL),(27,NULL,NULL,NULL,NULL,NULL,NULL,'DC@@MFFGAFDAACG@DEEA',NULL,NULL,NULL,'15002277000',NULL,NULL,NULL,'15002277000',0,NULL),(28,NULL,NULL,NULL,NULL,NULL,NULL,'MFDC@EFACD@FLMGCAM',NULL,NULL,NULL,'15002272222',NULL,NULL,NULL,'15002272222',0,NULL),(29,NULL,NULL,NULL,NULL,NULL,NULL,'@GD@FBBLDCEC@ELFG@CMAE',NULL,NULL,NULL,'15002277336',NULL,NULL,NULL,'15002277336',0,NULL),(30,NULL,NULL,NULL,NULL,NULL,NULL,'EDGM@MAMABDACFDLLG',NULL,NULL,NULL,'15002277337',NULL,NULL,NULL,'15002277337',0,NULL),(31,NULL,NULL,NULL,NULL,NULL,NULL,'EDGM@MAMABDACFDLLG',NULL,NULL,NULL,'18811446911',NULL,NULL,NULL,'18811446911',0,NULL),(32,NULL,NULL,NULL,NULL,NULL,NULL,'EDGM@MAMABDACFDLLG',NULL,NULL,NULL,'18811446910',NULL,NULL,NULL,'18811446910',0,NULL),(33,NULL,NULL,NULL,NULL,NULL,NULL,'EDGM@MAMABDACFDLLG',NULL,NULL,NULL,'15002277332',NULL,NULL,NULL,'15002277332',0,NULL),(34,NULL,NULL,NULL,NULL,NULL,NULL,'EDGM@MAMABDACFDLLG',NULL,NULL,NULL,'15002277222',NULL,NULL,NULL,'15002277222',0,NULL),(35,NULL,NULL,NULL,NULL,NULL,NULL,'EDGM@MAMABDACFDLLG',NULL,NULL,NULL,'15002277777',NULL,NULL,NULL,'15002277777',0,NULL),(36,NULL,NULL,NULL,NULL,NULL,NULL,'EDGM@MAMABDACFDLLG',NULL,NULL,NULL,'15002277555',NULL,NULL,NULL,'15002277555',0,NULL),(37,NULL,NULL,NULL,NULL,NULL,NULL,'ELLB@BDLFCDEAABDA@@FAFFAE',NULL,NULL,NULL,'15002277666',NULL,NULL,NULL,'15002277666',0,NULL),(38,NULL,NULL,NULL,NULL,NULL,NULL,'EDGM@MAMABDACFDLLG',NULL,NULL,NULL,'15002277888',NULL,NULL,NULL,'15002277888',0,NULL),(39,NULL,NULL,NULL,NULL,NULL,'','EDGM@MAMABDACFDLLG',NULL,'','男','15002277330','',NULL,'','15002277330',0,NULL),(40,NULL,NULL,NULL,NULL,NULL,NULL,'MBCMFELMBACFMFA@MAGGDEEF',NULL,NULL,NULL,'15002277123',NULL,NULL,NULL,'15002277123',0,NULL),(41,NULL,NULL,NULL,NULL,NULL,NULL,'EDGM@MAMABDACFDLLG',NULL,NULL,NULL,'18811446909',NULL,NULL,NULL,'18811446909',0,NULL),(42,NULL,NULL,NULL,NULL,NULL,NULL,'EDGM@MAMABDACFDLLG',NULL,NULL,NULL,'18811446908',NULL,NULL,NULL,'18811446908',0,NULL),(43,NULL,NULL,NULL,NULL,NULL,NULL,'EDGM@MAMABDACFDLLG',NULL,NULL,NULL,'15002277124',NULL,NULL,NULL,'15002277124',0,NULL),(44,NULL,NULL,NULL,NULL,NULL,'','EDGM@MAMABDACFDLLG',NULL,'','男','15002277125','',NULL,'','15002277125',0,NULL),(45,'','',NULL,'','','','FD@CBMCCAMFCDMMBCED','','','男','18811446907','',NULL,'','18811446907',0,NULL),(46,'','',NULL,'','','','@CMALFABFDLFLEGAGG','','','男','18811446999','',NULL,'','18811446999',0,NULL),(47,NULL,NULL,NULL,NULL,NULL,NULL,'EDGM@MAMABDACFDLLG',NULL,NULL,NULL,'18811446900',NULL,NULL,NULL,'18811446900',0,NULL),(48,NULL,NULL,NULL,NULL,NULL,NULL,'EDGM@MAMABDACFDLLG',NULL,NULL,NULL,'15002277234',NULL,NULL,NULL,'15002277234',0,NULL),(49,'','',NULL,'','','','EDGM@MAMABDACFDLLG','','','男','15002277456','',NULL,'六年','15002277456',0,NULL),(50,NULL,NULL,'zhang222@163.com',NULL,NULL,'','@GFFM@GEMMEGMGMLALC@AF@CBE',NULL,'','男','zhang222','',NULL,'',NULL,0,NULL),(51,NULL,NULL,'yong11@163.com',NULL,NULL,NULL,'LM@@F@MMCABF@@BD@BDGMMMF',NULL,NULL,NULL,'yong11',NULL,NULL,NULL,NULL,0,NULL),(52,NULL,NULL,'haha11@163.com',NULL,NULL,NULL,'GBBGCDGGDGB@ML',NULL,NULL,NULL,'haha11',NULL,NULL,NULL,NULL,0,NULL),(53,NULL,NULL,'pang11@163.com',NULL,NULL,'','FDMCL@MFGBD@FAGCLEFFB',NULL,'','男','pang11','',NULL,'',NULL,0,NULL),(54,NULL,NULL,'pang111@163.com',NULL,NULL,'','FAGCCFGGCGELLGCBBAGAMCB',NULL,'','男','pang111','',NULL,'',NULL,0,NULL),(55,'','','pangchao1111@163.com','','','','CAADCDCAF@ECEAG@DDBMFM','','','男','pangchao1111','',NULL,'',NULL,0,NULL),(56,'','','chao11@163.com','','','','LEM@LEFDB@@CFM@CMAAM','','','男','chao11','',NULL,'',NULL,0,NULL),(57,NULL,NULL,'121212@134.com',NULL,NULL,NULL,'ECLCEAC@A@EGAEBM@',NULL,NULL,NULL,'121212',NULL,NULL,NULL,NULL,0,NULL),(58,NULL,NULL,'1046rrrr906153@qq.com',NULL,NULL,NULL,'EDGM@MAMABDACFDLLG',NULL,NULL,NULL,'1046rrrr906153',NULL,NULL,NULL,NULL,0,NULL),(59,NULL,NULL,'111111@qq.com',NULL,NULL,NULL,'MBCMFELMBACFMFA@MAGGDEEF',NULL,NULL,NULL,'111111',NULL,NULL,NULL,NULL,0,NULL),(60,NULL,NULL,'222222@qq.com',NULL,NULL,NULL,'GALLEDEDEFMBCAA@LBL',NULL,NULL,NULL,'222222',NULL,NULL,NULL,NULL,0,NULL),(61,'','','333333@qq.com','','',NULL,'EEDDFDEM@@GDCCGCBFG@FG','',NULL,NULL,'333333',NULL,NULL,NULL,NULL,0,NULL);

/*Table structure for table `t_verificationcode` */

DROP TABLE IF EXISTS `t_verificationcode`;

CREATE TABLE `t_verificationcode` (
  `id` int(11) NOT NULL AUTO_INCREMENT,
  `email` varchar(255) DEFAULT NULL,
  `sendTime` datetime DEFAULT NULL,
  `verificationCode` varchar(255) DEFAULT NULL,
  PRIMARY KEY (`id`)
) ENGINE=InnoDB AUTO_INCREMENT=46 DEFAULT CHARSET=utf8;

/*Data for the table `t_verificationcode` */

insert  into `t_verificationcode`(`id`,`email`,`sendTime`,`verificationCode`) values (1,'773897474@qq.com','2016-02-22 16:10:27','qljHTZ'),(3,'773897474@qq.com','2016-02-22 16:11:11','1k9oMe'),(5,'773897474@qq.com','2016-02-22 16:12:13','Y9GKMI'),(6,'773897474@qq.com','2016-02-22 16:40:46','aLYmM7'),(7,'773897474@qq.com','2016-02-22 16:42:04','i0wPVs'),(8,'773897474@qq.com','2016-02-22 17:01:30','gwVaeX'),(9,'773897474@qq.com','2016-02-22 17:04:28','EjIzyN'),(10,'773897474@qq.com','2016-02-22 17:06:47','nCja5g'),(11,'773897474@qq.com','2016-02-22 17:07:57','Ut5qV3'),(12,'773897474@qq.com','2016-02-22 17:16:28','U99eG8'),(13,'773897474@qq.com','2016-02-22 17:25:10','NEEFZb'),(14,'773897474@qq.com','2016-02-22 17:25:58','q2xslG'),(15,'773897474@qq.com','2016-02-22 17:29:12','3J0EXV'),(16,'773897474@qq.com','2016-02-22 17:32:05','CR3eUs'),(17,'773897474@qq.com','2016-02-22 17:32:25','MnL4mR'),(18,'773897474@qq.com','2016-02-22 18:09:19','jvBvbC'),(19,'773897474@qq.com','2016-02-22 18:11:58','c4DdX9'),(20,'773897474@qq.com','2016-02-22 18:14:53','wYsIq0'),(21,'773897474@qq.com','2016-02-22 18:34:33','MAbqPO'),(22,'773897474@qq.com','2016-02-22 18:36:06','bcVq0L'),(23,'773897474@qq.com','2016-02-23 09:38:42','2vIdMo'),(24,'773897474@qq.com','2016-02-23 12:29:16','ucvTux'),(25,'773897474@qq.com','2016-02-23 12:31:52','NSBTau'),(26,'773897474@qq.com','2016-02-23 14:24:31','XvN5IO'),(27,'1046906153@qq.com','2016-02-29 09:28:50','wHMB5B'),(28,'1046906153@qq.com','2016-03-03 14:15:58','b1KGc5'),(29,'1046906153@qq.com','2016-03-03 15:59:02','QPkJCA'),(30,'773897474@qq.com','2016-03-03 17:57:16','9JrH7a'),(31,'1046906153@qq.com','2016-03-04 10:19:15','oVvihL'),(32,'1046906153@qq.com','2016-03-04 10:19:46','0902NV'),(33,'1046906153@qq.com','2016-03-04 10:25:34','PwhqQU'),(34,'1046906153@qq.com','2016-03-04 10:26:46','T0Ybc2'),(35,'1046906153@qq.com','2016-03-04 10:27:03','c3Dbq9'),(36,'1046906153@qq.com','2016-03-04 10:29:55','Oq69Sc'),(37,'1046906153@qq.com','2016-03-04 10:30:14','VT4D81'),(38,'1046906153@qq.com','2016-03-04 10:30:20','b70Dj9'),(39,'1046906153@qq.com','2016-03-04 10:32:35','SaJPtg'),(40,'1046906153@qq.com','2016-03-04 10:34:59','sPTe6B'),(41,'1046906153@qq.com','2016-03-04 11:04:17','YiSfyi'),(42,'773897474@qq.com','2016-04-12 17:56:08','kfa1BB'),(43,'773897474@qq.com','2016-04-13 11:14:15','VfX6fd'),(44,'773897474@qq.com','2016-04-13 11:18:26','E2vXGC'),(45,'773897474@qq.com','2016-04-13 15:14:21','rd4Bn6');

/*Table structure for table `teacherdetails` */

DROP TABLE IF EXISTS `teacherdetails`;

CREATE TABLE `teacherdetails` (
  `teachersId` int(11) NOT NULL,
  `details` varchar(255) DEFAULT NULL,
  `name` varchar(255) DEFAULT NULL,
  `url` varchar(255) DEFAULT NULL,
  PRIMARY KEY (`teachersId`)
) ENGINE=MyISAM DEFAULT CHARSET=utf8;

/*Data for the table `teacherdetails` */

/*Table structure for table `user` */

DROP TABLE IF EXISTS `user`;

CREATE TABLE `user` (
  `id` int(11) NOT NULL AUTO_INCREMENT,
  `password` varchar(255) DEFAULT NULL,
  `username` varchar(255) DEFAULT NULL,
  PRIMARY KEY (`id`)
) ENGINE=InnoDB DEFAULT CHARSET=utf8;

/*Data for the table `user` */

/*!40101 SET SQL_MODE=@OLD_SQL_MODE */;
/*!40014 SET FOREIGN_KEY_CHECKS=@OLD_FOREIGN_KEY_CHECKS */;
/*!40014 SET UNIQUE_CHECKS=@OLD_UNIQUE_CHECKS */;
/*!40111 SET SQL_NOTES=@OLD_SQL_NOTES */;
